  Determinando los proyectos que se van a restaurar...
  Todos los proyectos están actualizados para la restauración.
  RackCad.Domain -> C:\Users\alejandra-mendoza\.codex\worktrees\architecture-shared-view-authored-comparators\src\RackCad.Domain\bin\Debug\net8.0\RackCad.Domain.dll
  RackCad.Application -> C:\Users\alejandra-mendoza\.codex\worktrees\architecture-shared-view-authored-comparators\src\RackCad.Application\bin\Debug\net8.0\RackCad.Application.dll
  RackCad.StructuralSections.Import -> C:\Users\alejandra-mendoza\.codex\worktrees\architecture-shared-view-authored-comparators\tools\RackCad.StructuralSections.Import\bin\Debug\net8.0\RackCad.StructuralSections.Import.dll
C:\Users\alejandra-mendoza\.codex\worktrees\architecture-shared-view-authored-comparators\tests\RackCad.Tests\CallerOwnedFacadeGuardTests.cs(98,75): warning xUnit1026: Theory method 'CADA_FACHADA_EXPONE_UNA_PRIMITIVA_CALLER_OWNED' on test class 'CallerOwnedFacadeGuardTests' does not use parameter 'facade'. Use the parameter, or remove the parameter and associated data. (https://xunit.net/xunit.analyzers/rules/xUnit1026) [C:\Users\alejandra-mendoza\.codex\worktrees\architecture-shared-view-authored-comparators\tests\RackCad.Tests\RackCad.Tests.csproj]
C:\Users\alejandra-mendoza\.codex\worktrees\architecture-shared-view-authored-comparators\tests\RackCad.Tests\CallerOwnedFacadeGuardTests.cs(105,71): warning xUnit1026: Theory method 'CADA_FACHADA_EXPONE_UN_SEAM_DE_PREPARACION' on test class 'CallerOwnedFacadeGuardTests' does not use parameter 'facade'. Use the parameter, or remove the parameter and associated data. (https://xunit.net/xunit.analyzers/rules/xUnit1026) [C:\Users\alejandra-mendoza\.codex\worktrees\architecture-shared-view-authored-comparators\tests\RackCad.Tests\RackCad.Tests.csproj]
C:\Users\alejandra-mendoza\.codex\worktrees\architecture-shared-view-authored-comparators\tests\RackCad.Tests\CallerOwnedFacadeGuardTests.cs(114,53): warning xUnit1026: Theory method 'LA_PRIMITIVA_NO_COMMITEA' on test class 'CallerOwnedFacadeGuardTests' does not use parameter 'facade'. Use the parameter, or remove the parameter and associated data. (https://xunit.net/xunit.analyzers/rules/xUnit1026) [C:\Users\alejandra-mendoza\.codex\worktrees\architecture-shared-view-authored-comparators\tests\RackCad.Tests\RackCad.Tests.csproj]
C:\Users\alejandra-mendoza\.codex\worktrees\architecture-shared-view-authored-comparators\tests\RackCad.Tests\CallerOwnedFacadeGuardTests.cs(121,61): warning xUnit1026: Theory method 'LA_PRIMITIVA_NO_ABRE_TRANSACCION' on test class 'CallerOwnedFacadeGuardTests' does not use parameter 'facade'. Use the parameter, or remove the parameter and associated data. (https://xunit.net/xunit.analyzers/rules/xUnit1026) [C:\Users\alejandra-mendoza\.codex\worktrees\architecture-shared-view-authored-comparators\tests\RackCad.Tests\RackCad.Tests.csproj]
C:\Users\alejandra-mendoza\.codex\worktrees\architecture-shared-view-authored-comparators\tests\RackCad.Tests\CallerOwnedFacadeGuardTests.cs(128,65): warning xUnit1026: Theory method 'LA_PRIMITIVA_NO_BLOQUEA_EL_DOCUMENTO' on test class 'CallerOwnedFacadeGuardTests' does not use parameter 'facade'. Use the parameter, or remove the parameter and associated data. (https://xunit.net/xunit.analyzers/rules/xUnit1026) [C:\Users\alejandra-mendoza\.codex\worktrees\architecture-shared-view-authored-comparators\tests\RackCad.Tests\RackCad.Tests.csproj]
C:\Users\alejandra-mendoza\.codex\worktrees\architecture-shared-view-authored-comparators\tests\RackCad.Tests\CallerOwnedFacadeGuardTests.cs(135,53): warning xUnit1026: Theory method 'LA_PRIMITIVA_NO_REGENERA' on test class 'CallerOwnedFacadeGuardTests' does not use parameter 'facade'. Use the parameter, or remove the parameter and associated data. (https://xunit.net/xunit.analyzers/rules/xUnit1026) [C:\Users\alejandra-mendoza\.codex\worktrees\architecture-shared-view-authored-comparators\tests\RackCad.Tests\RackCad.Tests.csproj]
C:\Users\alejandra-mendoza\.codex\worktrees\architecture-shared-view-authored-comparators\tests\RackCad.Tests\CallerOwnedFacadeGuardTests.cs(142,60): warning xUnit1026: Theory method 'LA_PRIMITIVA_NO_IMPORTA_BLOQUES' on test class 'CallerOwnedFacadeGuardTests' does not use parameter 'facade'. Use the parameter, or remove the parameter and associated data. (https://xunit.net/xunit.analyzers/rules/xUnit1026) [C:\Users\alejandra-mendoza\.codex\worktrees\architecture-shared-view-authored-comparators\tests\RackCad.Tests\RackCad.Tests.csproj]
C:\Users\alejandra-mendoza\.codex\worktrees\architecture-shared-view-authored-comparators\tests\RackCad.Tests\CallerOwnedFacadeGuardTests.cs(156,75): warning xUnit1026: Theory method 'LA_PRIMITIVA_NO_BAJA_POR_UN_WRAPPER_SELF_OWNED' on test class 'CallerOwnedFacadeGuardTests' does not use parameter 'facade'. Use the parameter, or remove the parameter and associated data. (https://xunit.net/xunit.analyzers/rules/xUnit1026) [C:\Users\alejandra-mendoza\.codex\worktrees\architecture-shared-view-authored-comparators\tests\RackCad.Tests\RackCad.Tests.csproj]
C:\Users\alejandra-mendoza\.codex\worktrees\architecture-shared-view-authored-comparators\tests\RackCad.Tests\CallerOwnedFacadeGuardTests.cs(179,76): warning xUnit1026: Theory method 'LA_PREPARACION_NO_ABRE_LA_TRANSACCION_SEMANTICA' on test class 'CallerOwnedFacadeGuardTests' does not use parameter 'facade'. Use the parameter, or remove the parameter and associated data. (https://xunit.net/xunit.analyzers/rules/xUnit1026) [C:\Users\alejandra-mendoza\.codex\worktrees\architecture-shared-view-authored-comparators\tests\RackCad.Tests\RackCad.Tests.csproj]
C:\Users\alejandra-mendoza\.codex\worktrees\architecture-shared-view-authored-comparators\tests\RackCad.Tests\CallerOwnedFacadeGuardTests.cs(188,61): warning xUnit1026: Theory method 'EL_WRAPPER_HISTORICO_SE_CONSERVA' on test class 'CallerOwnedFacadeGuardTests' does not use parameter 'facade'. Use the parameter, or remove the parameter and associated data. (https://xunit.net/xunit.analyzers/rules/xUnit1026) [C:\Users\alejandra-mendoza\.codex\worktrees\architecture-shared-view-authored-comparators\tests\RackCad.Tests\RackCad.Tests.csproj]
C:\Users\alejandra-mendoza\.codex\worktrees\architecture-shared-view-authored-comparators\tests\RackCad.Tests\CantileverPersistenceAndViewTests.cs(449,13): warning xUnit2031: Do not use a Where clause to filter before calling Assert.Single. Use the overload of Assert.Single that accepts a filtering function. (https://xunit.net/xunit.analyzers/rules/xUnit2031) [C:\Users\alejandra-mendoza\.codex\worktrees\architecture-shared-view-authored-comparators\tests\RackCad.Tests\RackCad.Tests.csproj]
C:\Users\alejandra-mendoza\.codex\worktrees\architecture-shared-view-authored-comparators\tests\RackCad.Tests\CantileverStationTests.cs(173,13): warning xUnit2031: Do not use a Where clause to filter before calling Assert.Single. Use the overload of Assert.Single that accepts a filtering function. (https://xunit.net/xunit.analyzers/rules/xUnit2031) [C:\Users\alejandra-mendoza\.codex\worktrees\architecture-shared-view-authored-comparators\tests\RackCad.Tests\RackCad.Tests.csproj]
C:\Users\alejandra-mendoza\.codex\worktrees\architecture-shared-view-authored-comparators\tests\RackCad.Tests\CantileverStationTests.cs(174,13): warning xUnit2031: Do not use a Where clause to filter before calling Assert.Single. Use the overload of Assert.Single that accepts a filtering function. (https://xunit.net/xunit.analyzers/rules/xUnit2031) [C:\Users\alejandra-mendoza\.codex\worktrees\architecture-shared-view-authored-comparators\tests\RackCad.Tests\RackCad.Tests.csproj]
C:\Users\alejandra-mendoza\.codex\worktrees\architecture-shared-view-authored-comparators\tests\RackCad.Tests\CantileverStationTests.cs(189,13): warning xUnit2029: Do not use Assert.Empty to check if a value does not exist in a collection. Use Assert.DoesNotContain instead. (https://xunit.net/xunit.analyzers/rules/xUnit2029) [C:\Users\alejandra-mendoza\.codex\worktrees\architecture-shared-view-authored-comparators\tests\RackCad.Tests\RackCad.Tests.csproj]
C:\Users\alejandra-mendoza\.codex\worktrees\architecture-shared-view-authored-comparators\tests\RackCad.Tests\CantileverStationTests.cs(190,13): warning xUnit2029: Do not use Assert.Empty to check if a value does not exist in a collection. Use Assert.DoesNotContain instead. (https://xunit.net/xunit.analyzers/rules/xUnit2029) [C:\Users\alejandra-mendoza\.codex\worktrees\architecture-shared-view-authored-comparators\tests\RackCad.Tests\RackCad.Tests.csproj]
C:\Users\alejandra-mendoza\.codex\worktrees\architecture-shared-view-authored-comparators\tests\RackCad.Tests\CantileverStationTests.cs(224,13): warning xUnit2031: Do not use a Where clause to filter before calling Assert.Single. Use the overload of Assert.Single that accepts a filtering function. (https://xunit.net/xunit.analyzers/rules/xUnit2031) [C:\Users\alejandra-mendoza\.codex\worktrees\architecture-shared-view-authored-comparators\tests\RackCad.Tests\RackCad.Tests.csproj]
C:\Users\alejandra-mendoza\.codex\worktrees\architecture-shared-view-authored-comparators\tests\RackCad.Tests\CantileverStationTests.cs(225,13): warning xUnit2031: Do not use a Where clause to filter before calling Assert.Single. Use the overload of Assert.Single that accepts a filtering function. (https://xunit.net/xunit.analyzers/rules/xUnit2031) [C:\Users\alejandra-mendoza\.codex\worktrees\architecture-shared-view-authored-comparators\tests\RackCad.Tests\RackCad.Tests.csproj]
C:\Users\alejandra-mendoza\.codex\worktrees\architecture-shared-view-authored-comparators\tests\RackCad.Tests\CantileverSourceGuardTests.cs(740,13): warning xUnit2013: Do not use Assert.Equal() to check for collection size. Use Assert.Single instead. (https://xunit.net/xunit.analyzers/rules/xUnit2013) [C:\Users\alejandra-mendoza\.codex\worktrees\architecture-shared-view-authored-comparators\tests\RackCad.Tests\RackCad.Tests.csproj]
C:\Users\alejandra-mendoza\.codex\worktrees\architecture-shared-view-authored-comparators\tests\RackCad.Tests\CantileverStationTests.cs(1026,13): warning xUnit2031: Do not use a Where clause to filter before calling Assert.Single. Use the overload of Assert.Single that accepts a filtering function. (https://xunit.net/xunit.analyzers/rules/xUnit2031) [C:\Users\alejandra-mendoza\.codex\worktrees\architecture-shared-view-authored-comparators\tests\RackCad.Tests\RackCad.Tests.csproj]
C:\Users\alejandra-mendoza\.codex\worktrees\architecture-shared-view-authored-comparators\tests\RackCad.Tests\CantileverStationTests.cs(1311,13): warning xUnit2013: Do not use Assert.Equal() to check for collection size. Use Assert.Single instead. (https://xunit.net/xunit.analyzers/rules/xUnit2013) [C:\Users\alejandra-mendoza\.codex\worktrees\architecture-shared-view-authored-comparators\tests\RackCad.Tests\RackCad.Tests.csproj]
C:\Users\alejandra-mendoza\.codex\worktrees\architecture-shared-view-authored-comparators\tests\RackCad.Tests\CantileverStationTests.cs(1315,13): warning xUnit2031: Do not use a Where clause to filter before calling Assert.Single. Use the overload of Assert.Single that accepts a filtering function. (https://xunit.net/xunit.analyzers/rules/xUnit2031) [C:\Users\alejandra-mendoza\.codex\worktrees\architecture-shared-view-authored-comparators\tests\RackCad.Tests\RackCad.Tests.csproj]
C:\Users\alejandra-mendoza\.codex\worktrees\architecture-shared-view-authored-comparators\tests\RackCad.Tests\CantileverStationTests.cs(1316,13): warning xUnit2031: Do not use a Where clause to filter before calling Assert.Single. Use the overload of Assert.Single that accepts a filtering function. (https://xunit.net/xunit.analyzers/rules/xUnit2031) [C:\Users\alejandra-mendoza\.codex\worktrees\architecture-shared-view-authored-comparators\tests\RackCad.Tests\RackCad.Tests.csproj]
C:\Users\alejandra-mendoza\.codex\worktrees\architecture-shared-view-authored-comparators\tests\RackCad.Tests\MainMenuStructuralSectionAccessGuardTests.cs(223,13): warning xUnit2013: Do not use Assert.Equal() to check for collection size. Use Assert.Single instead. (https://xunit.net/xunit.analyzers/rules/xUnit2013) [C:\Users\alejandra-mendoza\.codex\worktrees\architecture-shared-view-authored-comparators\tests\RackCad.Tests\RackCad.Tests.csproj]
C:\Users\alejandra-mendoza\.codex\worktrees\architecture-shared-view-authored-comparators\tests\RackCad.Tests\PushBackA1PersistenceTests.cs(144,13): warning xUnit2029: Do not use Assert.Empty to check if a value does not exist in a collection. Use Assert.DoesNotContain instead. (https://xunit.net/xunit.analyzers/rules/xUnit2029) [C:\Users\alejandra-mendoza\.codex\worktrees\architecture-shared-view-authored-comparators\tests\RackCad.Tests\RackCad.Tests.csproj]
C:\Users\alejandra-mendoza\.codex\worktrees\architecture-shared-view-authored-comparators\tests\RackCad.Tests\PushBackBlankFrontAuthorityTests.cs(133,13): warning xUnit2029: Do not use Assert.Empty to check if a value does not exist in a collection. Use Assert.DoesNotContain instead. (https://xunit.net/xunit.analyzers/rules/xUnit2029) [C:\Users\alejandra-mendoza\.codex\worktrees\architecture-shared-view-authored-comparators\tests\RackCad.Tests\RackCad.Tests.csproj]
C:\Users\alejandra-mendoza\.codex\worktrees\architecture-shared-view-authored-comparators\tests\RackCad.Tests\ProjectVariablesWorkspaceTests.cs(324,31): warning xUnit2031: Do not use a Where clause to filter before calling Assert.Single. Use the overload of Assert.Single that accepts a filtering function. (https://xunit.net/xunit.analyzers/rules/xUnit2031) [C:\Users\alejandra-mendoza\.codex\worktrees\architecture-shared-view-authored-comparators\tests\RackCad.Tests\RackCad.Tests.csproj]
C:\Users\alejandra-mendoza\.codex\worktrees\architecture-shared-view-authored-comparators\tests\RackCad.Tests\ProjectVariablesWorkspaceTests.cs(326,28): warning xUnit2031: Do not use a Where clause to filter before calling Assert.Single. Use the overload of Assert.Single that accepts a filtering function. (https://xunit.net/xunit.analyzers/rules/xUnit2031) [C:\Users\alejandra-mendoza\.codex\worktrees\architecture-shared-view-authored-comparators\tests\RackCad.Tests\RackCad.Tests.csproj]
C:\Users\alejandra-mendoza\.codex\worktrees\architecture-shared-view-authored-comparators\tests\RackCad.Tests\PushBackBlankSideBDeclarationTests.cs(173,13): warning xUnit2029: Do not use Assert.Empty to check if a value does not exist in a collection. Use Assert.DoesNotContain instead. (https://xunit.net/xunit.analyzers/rules/xUnit2029) [C:\Users\alejandra-mendoza\.codex\worktrees\architecture-shared-view-authored-comparators\tests\RackCad.Tests\RackCad.Tests.csproj]
C:\Users\alejandra-mendoza\.codex\worktrees\architecture-shared-view-authored-comparators\tests\RackCad.Tests\PushBackBootTypeTests.cs(219,13): warning xUnit2031: Do not use a Where clause to filter before calling Assert.Single. Use the overload of Assert.Single that accepts a filtering function. (https://xunit.net/xunit.analyzers/rules/xUnit2031) [C:\Users\alejandra-mendoza\.codex\worktrees\architecture-shared-view-authored-comparators\tests\RackCad.Tests\RackCad.Tests.csproj]
C:\Users\alejandra-mendoza\.codex\worktrees\architecture-shared-view-authored-comparators\tests\RackCad.Tests\PushBackBootSemanticsTests.cs(306,13): warning xUnit2031: Do not use a Where clause to filter before calling Assert.Single. Use the overload of Assert.Single that accepts a filtering function. (https://xunit.net/xunit.analyzers/rules/xUnit2031) [C:\Users\alejandra-mendoza\.codex\worktrees\architecture-shared-view-authored-comparators\tests\RackCad.Tests\RackCad.Tests.csproj]
C:\Users\alejandra-mendoza\.codex\worktrees\architecture-shared-view-authored-comparators\tests\RackCad.Tests\PushBackBootSemanticsTests.cs(309,13): warning xUnit2031: Do not use a Where clause to filter before calling Assert.Single. Use the overload of Assert.Single that accepts a filtering function. (https://xunit.net/xunit.analyzers/rules/xUnit2031) [C:\Users\alejandra-mendoza\.codex\worktrees\architecture-shared-view-authored-comparators\tests\RackCad.Tests\RackCad.Tests.csproj]
C:\Users\alejandra-mendoza\.codex\worktrees\architecture-shared-view-authored-comparators\tests\RackCad.Tests\PushBackBlankSlotIdentityTests.cs(307,17): warning xUnit2029: Do not use Assert.Empty to check if a value does not exist in a collection. Use Assert.DoesNotContain instead. (https://xunit.net/xunit.analyzers/rules/xUnit2029) [C:\Users\alejandra-mendoza\.codex\worktrees\architecture-shared-view-authored-comparators\tests\RackCad.Tests\RackCad.Tests.csproj]
C:\Users\alejandra-mendoza\.codex\worktrees\architecture-shared-view-authored-comparators\tests\RackCad.Tests\StructuralSectionPluginSourceGuardTests.cs(330,13): warning xUnit2013: Do not use Assert.Equal() to check for collection size. Use Assert.Single instead. (https://xunit.net/xunit.analyzers/rules/xUnit2013) [C:\Users\alejandra-mendoza\.codex\worktrees\architecture-shared-view-authored-comparators\tests\RackCad.Tests\RackCad.Tests.csproj]
C:\Users\alejandra-mendoza\.codex\worktrees\architecture-shared-view-authored-comparators\tests\RackCad.Tests\PushBackTopeAnchorPerViewTests.cs(140,13): warning xUnit2000: The literal or constant value PushBackRearTopeBuilder.ExtraRise / SelectiveRackDefaults.TroquelPaso should be passed as the 'expected' argument in the call to 'Assert.Equal(expected, actual, precision)' in method 'Lateral_ResolvesFromTheSeparator_AndTheVerticalGapIsAWholeMultipleOfTwoInches' on type 'PushBackTopeAnchorPerViewTests'. Swap the parameter values. (https://xunit.net/xunit.analyzers/rules/xUnit2000) [C:\Users\alejandra-mendoza\.codex\worktrees\architecture-shared-view-authored-comparators\tests\RackCad.Tests\RackCad.Tests.csproj]
C:\Users\alejandra-mendoza\.codex\worktrees\architecture-shared-view-authored-comparators\tests\RackCad.Tests\PushBackSharedCellGridTests.cs(334,13): warning xUnit2029: Do not use Assert.Empty to check if a value does not exist in a collection. Use Assert.DoesNotContain instead. (https://xunit.net/xunit.analyzers/rules/xUnit2029) [C:\Users\alejandra-mendoza\.codex\worktrees\architecture-shared-view-authored-comparators\tests\RackCad.Tests\RackCad.Tests.csproj]
C:\Users\alejandra-mendoza\.codex\worktrees\architecture-shared-view-authored-comparators\tests\RackCad.Tests\PushBackCompositeFrontalTests.cs(198,13): warning xUnit2029: Do not use Assert.Empty to check if a value does not exist in a collection. Use Assert.DoesNotContain instead. (https://xunit.net/xunit.analyzers/rules/xUnit2029) [C:\Users\alejandra-mendoza\.codex\worktrees\architecture-shared-view-authored-comparators\tests\RackCad.Tests\RackCad.Tests.csproj]
  RackCad.Tests -> C:\Users\alejandra-mendoza\.codex\worktrees\architecture-shared-view-authored-comparators\tests\RackCad.Tests\bin\Debug\net8.0\RackCad.Tests.dll
Serie de pruebas para C:\Users\alejandra-mendoza\.codex\worktrees\architecture-shared-view-authored-comparators\tests\RackCad.Tests\bin\Debug\net8.0\RackCad.Tests.dll (.NETCoreApp,Version=v8.0)
Versión 17.11.1 (x64) de VSTest

Iniciando la ejecución de pruebas, espere...
1 archivos de prueba en total coincidieron con el patrón especificado.
[xUnit.net 00:00:16.24]     RackCad.Tests.I58Conf58SchemaWhitespaceTests.Known_schema_with_exterior_whitespace_is_Single(boundary: dynamic/envelope/SchemaVersion/1.0/g0/calcTrue, padding: "spaces") [FAIL]
[xUnit.net 00:00:16.26]     RackCad.Tests.I58Conf58SchemaWhitespaceTests.Known_schema_with_exterior_whitespace_is_Single(boundary: dynamic/envelope/SchemaVersion/1.0/g0/calcTrue, padding: "tabs-newlines") [FAIL]
[xUnit.net 00:00:16.27]     RackCad.Tests.I58Conf58SchemaWhitespaceTests.Known_schema_with_exterior_whitespace_is_Single(boundary: dynamic/envelope/SchemaVersion/1.0/g0/calcTrue, padding: "unicode-whitespace") [FAIL]
[xUnit.net 00:00:16.28]     RackCad.Tests.I58Conf58SchemaWhitespaceTests.Known_schema_with_exterior_whitespace_is_Single(boundary: dynamic/project/SchemaVersion/1.0/g0/calcTrue, padding: "spaces") [FAIL]
[xUnit.net 00:00:16.32]     RackCad.Tests.I58Conf58SchemaWhitespaceTests.Known_schema_with_exterior_whitespace_is_Single(boundary: dynamic/project/SchemaVersion/1.0/g0/calcTrue, padding: "tabs-newlines") [FAIL]
[xUnit.net 00:00:16.33]     RackCad.Tests.I58Conf58SchemaWhitespaceTests.Known_schema_with_exterior_whitespace_is_Single(boundary: dynamic/project/SchemaVersion/1.0/g0/calcTrue, padding: "unicode-whitespace") [FAIL]
[xUnit.net 00:00:16.34]     RackCad.Tests.I58Conf58SchemaWhitespaceTests.Known_schema_with_exterior_whitespace_is_Single(boundary: dynamic/project/SchemaVersion/2.0/g0/calcTrue, padding: "spaces") [FAIL]
[xUnit.net 00:00:16.35]     RackCad.Tests.I58Conf58SchemaWhitespaceTests.Known_schema_with_exterior_whitespace_is_Single(boundary: dynamic/project/SchemaVersion/2.0/g0/calcTrue, padding: "tabs-newlines") [FAIL]
[xUnit.net 00:00:16.36]     RackCad.Tests.I58Conf58SchemaWhitespaceTests.Known_schema_with_exterior_whitespace_is_Single(boundary: dynamic/project/SchemaVersion/2.0/g0/calcTrue, padding: "unicode-whitespace") [FAIL]
[xUnit.net 00:00:16.46]     RackCad.Tests.I58Conf58SchemaWhitespaceTests.Known_schema_with_exterior_whitespace_is_Single(boundary: pushback/envelope/SchemaVersion/1.0/g0/calcTrue, padding: "spaces") [FAIL]
  Con error RackCad.Tests.I58Conf58SchemaWhitespaceTests.Known_schema_with_exterior_whitespace_is_Single(boundary: dynamic/envelope/SchemaVersion/1.0/g0/calcTrue, padding: "spaces") [280 ms]
  Mensaje de error:
   Assert.Equal() Failure: Values differ
Expected: Single
Actual:   Unreadable
  Seguimiento de la pila:
     at RackCad.Tests.I58Conf58SchemaWhitespaceTests.Known_schema_with_exterior_whitespace_is_Single(I58SchemaBoundary boundary, String padding) in C:\Users\alejandra-mendoza\.codex\worktrees\architecture-shared-view-authored-comparators\tests\RackCad.Tests\I58Conf58SchemaWhitespaceTests.cs:line 62
   at System.RuntimeMethodHandle.InvokeMethod(Object target, Void** arguments, Signature sig, Boolean isConstructor)
   at System.Reflection.MethodBaseInvoker.InvokeDirectByRefWithFewArgs(Object obj, Span`1 copyOfArgs, BindingFlags invokeAttr)
  Con error RackCad.Tests.I58Conf58SchemaWhitespaceTests.Known_schema_with_exterior_whitespace_is_Single(boundary: dynamic/envelope/SchemaVersion/1.0/g0/calcTrue, padding: "tabs-newlines") [15 ms]
  Mensaje de error:
   Assert.Equal() Failure: Values differ
Expected: Single
Actual:   Unreadable
  Seguimiento de la pila:
     at RackCad.Tests.I58Conf58SchemaWhitespaceTests.Known_schema_with_exterior_whitespace_is_Single(I58SchemaBoundary boundary, String padding) in C:\Users\alejandra-mendoza\.codex\worktrees\architecture-shared-view-authored-comparators\tests\RackCad.Tests\I58Conf58SchemaWhitespaceTests.cs:line 62
   at InvokeStub_I58Conf58SchemaWhitespaceTests.Known_schema_with_exterior_whitespace_is_Single(Object, Span`1)
   at System.Reflection.MethodBaseInvoker.InvokeWithFewArgs(Object obj, BindingFlags invokeAttr, Binder binder, Object[] parameters, CultureInfo culture)
  Con error RackCad.Tests.I58Conf58SchemaWhitespaceTests.Known_schema_with_exterior_whitespace_is_Single(boundary: dynamic/envelope/SchemaVersion/1.0/g0/calcTrue, padding: "unicode-whitespace") [19 ms]
  Mensaje de error:
   Assert.Equal() Failure: Values differ
Expected: Single
Actual:   Unreadable
  Seguimiento de la pila:
     at RackCad.Tests.I58Conf58SchemaWhitespaceTests.Known_schema_with_exterior_whitespace_is_Single(I58SchemaBoundary boundary, String padding) in C:\Users\alejandra-mendoza\.codex\worktrees\architecture-shared-view-authored-comparators\tests\RackCad.Tests\I58Conf58SchemaWhitespaceTests.cs:line 62
   at InvokeStub_I58Conf58SchemaWhitespaceTests.Known_schema_with_exterior_whitespace_is_Single(Object, Span`1)
   at System.Reflection.MethodBaseInvoker.InvokeWithFewArgs(Object obj, BindingFlags invokeAttr, Binder binder, Object[] parameters, CultureInfo culture)
  Con error RackCad.Tests.I58Conf58SchemaWhitespaceTests.Known_schema_with_exterior_whitespace_is_Single(boundary: dynamic/project/SchemaVersion/1.0/g0/calcTrue, padding: "spaces") [9 ms]
  Mensaje de error:
   Assert.Equal() Failure: Values differ
Expected: Single
Actual:   Unreadable
  Seguimiento de la pila:
     at RackCad.Tests.I58Conf58SchemaWhitespaceTests.Known_schema_with_exterior_whitespace_is_Single(I58SchemaBoundary boundary, String padding) in C:\Users\alejandra-mendoza\.codex\worktrees\architecture-shared-view-authored-comparators\tests\RackCad.Tests\I58Conf58SchemaWhitespaceTests.cs:line 62
   at InvokeStub_I58Conf58SchemaWhitespaceTests.Known_schema_with_exterior_whitespace_is_Single(Object, Span`1)
   at System.Reflection.MethodBaseInvoker.InvokeWithFewArgs(Object obj, BindingFlags invokeAttr, Binder binder, Object[] parameters, CultureInfo culture)
  Con error RackCad.Tests.I58Conf58SchemaWhitespaceTests.Known_schema_with_exterior_whitespace_is_Single(boundary: dynamic/project/SchemaVersion/1.0/g0/calcTrue, padding: "tabs-newlines") [39 ms]
  Mensaje de error:
   Assert.Equal() Failure: Values differ
Expected: Single
Actual:   Unreadable
  Seguimiento de la pila:
     at RackCad.Tests.I58Conf58SchemaWhitespaceTests.Known_schema_with_exterior_whitespace_is_Single(I58SchemaBoundary boundary, String padding) in C:\Users\alejandra-mendoza\.codex\worktrees\architecture-shared-view-authored-comparators\tests\RackCad.Tests\I58Conf58SchemaWhitespaceTests.cs:line 62
   at InvokeStub_I58Conf58SchemaWhitespaceTests.Known_schema_with_exterior_whitespace_is_Single(Object, Span`1)
   at System.Reflection.MethodBaseInvoker.InvokeWithFewArgs(Object obj, BindingFlags invokeAttr, Binder binder, Object[] parameters, CultureInfo culture)
  Con error RackCad.Tests.I58Conf58SchemaWhitespaceTests.Known_schema_with_exterior_whitespace_is_Single(boundary: dynamic/project/SchemaVersion/1.0/g0/calcTrue, padding: "unicode-whitespace") [11 ms]
  Mensaje de error:
   Assert.Equal() Failure: Values differ
Expected: Single
Actual:   Unreadable
  Seguimiento de la pila:
     at RackCad.Tests.I58Conf58SchemaWhitespaceTests.Known_schema_with_exterior_whitespace_is_Single(I58SchemaBoundary boundary, String padding) in C:\Users\alejandra-mendoza\.codex\worktrees\architecture-shared-view-authored-comparators\tests\RackCad.Tests\I58Conf58SchemaWhitespaceTests.cs:line 62
   at InvokeStub_I58Conf58SchemaWhitespaceTests.Known_schema_with_exterior_whitespace_is_Single(Object, Span`1)
   at System.Reflection.MethodBaseInvoker.InvokeWithFewArgs(Object obj, BindingFlags invokeAttr, Binder binder, Object[] parameters, CultureInfo culture)
  Con error RackCad.Tests.I58Conf58SchemaWhitespaceTests.Known_schema_with_exterior_whitespace_is_Single(boundary: dynamic/project/SchemaVersion/2.0/g0/calcTrue, padding: "spaces") [12 ms]
  Mensaje de error:
   Assert.Equal() Failure: Values differ
Expected: Single
Actual:   Unreadable
  Seguimiento de la pila:
     at RackCad.Tests.I58Conf58SchemaWhitespaceTests.Known_schema_with_exterior_whitespace_is_Single(I58SchemaBoundary boundary, String padding) in C:\Users\alejandra-mendoza\.codex\worktrees\architecture-shared-view-authored-comparators\tests\RackCad.Tests\I58Conf58SchemaWhitespaceTests.cs:line 62
   at InvokeStub_I58Conf58SchemaWhitespaceTests.Known_schema_with_exterior_whitespace_is_Single(Object, Span`1)
   at System.Reflection.MethodBaseInvoker.InvokeWithFewArgs(Object obj, BindingFlags invokeAttr, Binder binder, Object[] parameters, CultureInfo culture)
  Con error RackCad.Tests.I58Conf58SchemaWhitespaceTests.Known_schema_with_exterior_whitespace_is_Single(boundary: dynamic/project/SchemaVersion/2.0/g0/calcTrue, padding: "tabs-newlines") [9 ms]
  Mensaje de error:
   Assert.Equal() Failure: Values differ
Expected: Single
Actual:   Unreadable
  Seguimiento de la pila:
     at RackCad.Tests.I58Conf58SchemaWhitespaceTests.Known_schema_with_exterior_whitespace_is_Single(I58SchemaBoundary boundary, String padding) in C:\Users\alejandra-mendoza\.codex\worktrees\architecture-shared-view-authored-comparators\tests\RackCad.Tests\I58Conf58SchemaWhitespaceTests.cs:line 62
   at InvokeStub_I58Conf58SchemaWhitespaceTests.Known_schema_with_exterior_whitespace_is_Single(Object, Span`1)
   at System.Reflection.MethodBaseInvoker.InvokeWithFewArgs(Object obj, BindingFlags invokeAttr, Binder binder, Object[] parameters, CultureInfo culture)
  Con error RackCad.Tests.I58Conf58SchemaWhitespaceTests.Known_schema_with_exterior_whitespace_is_Single(boundary: dynamic/project/SchemaVersion/2.0/g0/calcTrue, padding: "unicode-whitespace") [13 ms]
  Mensaje de error:
   Assert.Equal() Failure: Values differ
Expected: Single
Actual:   Unreadable
  Seguimiento de la pila:
     at RackCad.Tests.I58Conf58SchemaWhitespaceTests.Known_schema_with_exterior_whitespace_is_Single(I58SchemaBoundary boundary, String padding) in C:\Users\alejandra-mendoza\.codex\worktrees\architecture-shared-view-authored-comparators\tests\RackCad.Tests\I58Conf58SchemaWhitespaceTests.cs:line 62
   at InvokeStub_I58Conf58SchemaWhitespaceTests.Known_schema_with_exterior_whitespace_is_Single(Object, Span`1)
   at System.Reflection.MethodBaseInvoker.InvokeWithFewArgs(Object obj, BindingFlags invokeAttr, Binder binder, Object[] parameters, CultureInfo culture)
  Con error RackCad.Tests.I58Conf58SchemaWhitespaceTests.Known_schema_with_exterior_whitespace_is_Single(boundary: pushback/envelope/SchemaVersion/1.0/g0/calcTrue, padding: "spaces") [98 ms]
  Mensaje de error:
   Assert.Equal() Failure: Values differ
Expected: Single
Actual:   Unreadable
  Seguimiento de la pila:
     at RackCad.Tests.I58Conf58SchemaWhitespaceTests.Known_schema_with_exterior_whitespace_is_Single(I58SchemaBoundary boundary, String padding) in C:\Users\alejandra-mendoza\.codex\worktrees\architecture-shared-view-authored-comparators\tests\RackCad.Tests\I58Conf58SchemaWhitespaceTests.cs:line 62
   at InvokeStub_I58Conf58SchemaWhitespaceTests.Known_schema_with_exterior_whitespace_is_Single(Object, Span`1)
   at System.Reflection.MethodBaseInvoker.InvokeWithFewArgs(Object obj, BindingFlags invokeAttr, Binder binder, Object[] parameters, CultureInfo culture)
[xUnit.net 00:00:16.53]     RackCad.Tests.I58Conf58SchemaWhitespaceTests.Known_schema_with_exterior_whitespace_is_Single(boundary: pushback/envelope/SchemaVersion/1.0/g0/calcTrue, padding: "tabs-newlines") [FAIL]
[xUnit.net 00:00:16.58]     RackCad.Tests.I58Conf58SchemaWhitespaceTests.Known_schema_with_exterior_whitespace_is_Single(boundary: pushback/envelope/SchemaVersion/1.0/g0/calcTrue, padding: "unicode-whitespace") [FAIL]
[xUnit.net 00:00:16.64]     RackCad.Tests.I58Conf58SchemaWhitespaceTests.Known_schema_with_exterior_whitespace_is_Single(boundary: pushback/project/SchemaVersion/1.0/g0/calcTrue, padding: "spaces") [FAIL]
[xUnit.net 00:00:16.70]     RackCad.Tests.I58Conf58SchemaWhitespaceTests.Known_schema_with_exterior_whitespace_is_Single(boundary: pushback/project/SchemaVersion/1.0/g0/calcTrue, padding: "tabs-newlines") [FAIL]
[xUnit.net 00:00:16.77]     RackCad.Tests.I58Conf58SchemaWhitespaceTests.Known_schema_with_exterior_whitespace_is_Single(boundary: pushback/project/SchemaVersion/1.0/g0/calcTrue, padding: "unicode-whitespace") [FAIL]
[xUnit.net 00:00:16.85]     RackCad.Tests.I58Conf58SchemaWhitespaceTests.Known_schema_with_exterior_whitespace_is_Single(boundary: pushback/project/SchemaVersion/2.0/g0/calcTrue, padding: "spaces") [FAIL]
[xUnit.net 00:00:16.91]     RackCad.Tests.I58Conf58SchemaWhitespaceTests.Known_schema_with_exterior_whitespace_is_Single(boundary: pushback/project/SchemaVersion/2.0/g0/calcTrue, padding: "tabs-newlines") [FAIL]
[xUnit.net 00:00:16.97]     RackCad.Tests.I58Conf58SchemaWhitespaceTests.Known_schema_with_exterior_whitespace_is_Single(boundary: pushback/project/SchemaVersion/2.0/g0/calcTrue, padding: "unicode-whitespace") [FAIL]
[xUnit.net 00:00:17.06]     RackCad.Tests.I58Conf58SchemaWhitespaceTests.Known_schema_with_exterior_whitespace_is_Single(boundary: cantilever/envelope/SchemaVersion/1.0/g0/calcTrue, padding: "spaces") [FAIL]
[xUnit.net 00:00:17.07]     RackCad.Tests.I58Conf58SchemaWhitespaceTests.Known_schema_with_exterior_whitespace_is_Single(boundary: cantilever/envelope/SchemaVersion/1.0/g0/calcTrue, padding: "tabs-newlines") [FAIL]
  Con error RackCad.Tests.I58Conf58SchemaWhitespaceTests.Known_schema_with_exterior_whitespace_is_Single(boundary: pushback/envelope/SchemaVersion/1.0/g0/calcTrue, padding: "tabs-newlines") [64 ms]
  Mensaje de error:
   Assert.Equal() Failure: Values differ
Expected: Single
Actual:   Unreadable
  Seguimiento de la pila:
     at RackCad.Tests.I58Conf58SchemaWhitespaceTests.Known_schema_with_exterior_whitespace_is_Single(I58SchemaBoundary boundary, String padding) in C:\Users\alejandra-mendoza\.codex\worktrees\architecture-shared-view-authored-comparators\tests\RackCad.Tests\I58Conf58SchemaWhitespaceTests.cs:line 62
   at InvokeStub_I58Conf58SchemaWhitespaceTests.Known_schema_with_exterior_whitespace_is_Single(Object, Span`1)
   at System.Reflection.MethodBaseInvoker.InvokeWithFewArgs(Object obj, BindingFlags invokeAttr, Binder binder, Object[] parameters, CultureInfo culture)
  Con error RackCad.Tests.I58Conf58SchemaWhitespaceTests.Known_schema_with_exterior_whitespace_is_Single(boundary: pushback/envelope/SchemaVersion/1.0/g0/calcTrue, padding: "unicode-whitespace") [53 ms]
  Mensaje de error:
   Assert.Equal() Failure: Values differ
Expected: Single
Actual:   Unreadable
  Seguimiento de la pila:
     at RackCad.Tests.I58Conf58SchemaWhitespaceTests.Known_schema_with_exterior_whitespace_is_Single(I58SchemaBoundary boundary, String padding) in C:\Users\alejandra-mendoza\.codex\worktrees\architecture-shared-view-authored-comparators\tests\RackCad.Tests\I58Conf58SchemaWhitespaceTests.cs:line 62
   at InvokeStub_I58Conf58SchemaWhitespaceTests.Known_schema_with_exterior_whitespace_is_Single(Object, Span`1)
   at System.Reflection.MethodBaseInvoker.InvokeWithFewArgs(Object obj, BindingFlags invokeAttr, Binder binder, Object[] parameters, CultureInfo culture)
  Con error RackCad.Tests.I58Conf58SchemaWhitespaceTests.Known_schema_with_exterior_whitespace_is_Single(boundary: pushback/project/SchemaVersion/1.0/g0/calcTrue, padding: "spaces") [52 ms]
  Mensaje de error:
   Assert.Equal() Failure: Values differ
Expected: Single
Actual:   Unreadable
  Seguimiento de la pila:
     at RackCad.Tests.I58Conf58SchemaWhitespaceTests.Known_schema_with_exterior_whitespace_is_Single(I58SchemaBoundary boundary, String padding) in C:\Users\alejandra-mendoza\.codex\worktrees\architecture-shared-view-authored-comparators\tests\RackCad.Tests\I58Conf58SchemaWhitespaceTests.cs:line 62
   at InvokeStub_I58Conf58SchemaWhitespaceTests.Known_schema_with_exterior_whitespace_is_Single(Object, Span`1)
   at System.Reflection.MethodBaseInvoker.InvokeWithFewArgs(Object obj, BindingFlags invokeAttr, Binder binder, Object[] parameters, CultureInfo culture)
  Con error RackCad.Tests.I58Conf58SchemaWhitespaceTests.Known_schema_with_exterior_whitespace_is_Single(boundary: pushback/project/SchemaVersion/1.0/g0/calcTrue, padding: "tabs-newlines") [61 ms]
  Mensaje de error:
   Assert.Equal() Failure: Values differ
Expected: Single
Actual:   Unreadable
  Seguimiento de la pila:
     at RackCad.Tests.I58Conf58SchemaWhitespaceTests.Known_schema_with_exterior_whitespace_is_Single(I58SchemaBoundary boundary, String padding) in C:\Users\alejandra-mendoza\.codex\worktrees\architecture-shared-view-authored-comparators\tests\RackCad.Tests\I58Conf58SchemaWhitespaceTests.cs:line 62
   at InvokeStub_I58Conf58SchemaWhitespaceTests.Known_schema_with_exterior_whitespace_is_Single(Object, Span`1)
   at System.Reflection.MethodBaseInvoker.InvokeWithFewArgs(Object obj, BindingFlags invokeAttr, Binder binder, Object[] parameters, CultureInfo culture)
  Con error RackCad.Tests.I58Conf58SchemaWhitespaceTests.Known_schema_with_exterior_whitespace_is_Single(boundary: pushback/project/SchemaVersion/1.0/g0/calcTrue, padding: "unicode-whitespace") [74 ms]
  Mensaje de error:
   Assert.Equal() Failure: Values differ
Expected: Single
Actual:   Unreadable
  Seguimiento de la pila:
     at RackCad.Tests.I58Conf58SchemaWhitespaceTests.Known_schema_with_exterior_whitespace_is_Single(I58SchemaBoundary boundary, String padding) in C:\Users\alejandra-mendoza\.codex\worktrees\architecture-shared-view-authored-comparators\tests\RackCad.Tests\I58Conf58SchemaWhitespaceTests.cs:line 62
   at InvokeStub_I58Conf58SchemaWhitespaceTests.Known_schema_with_exterior_whitespace_is_Single(Object, Span`1)
   at System.Reflection.MethodBaseInvoker.InvokeWithFewArgs(Object obj, BindingFlags invokeAttr, Binder binder, Object[] parameters, CultureInfo culture)
  Con error RackCad.Tests.I58Conf58SchemaWhitespaceTests.Known_schema_with_exterior_whitespace_is_Single(boundary: pushback/project/SchemaVersion/2.0/g0/calcTrue, padding: "spaces") [73 ms]
  Mensaje de error:
   Assert.Equal() Failure: Values differ
Expected: Single
Actual:   Unreadable
  Seguimiento de la pila:
     at RackCad.Tests.I58Conf58SchemaWhitespaceTests.Known_schema_with_exterior_whitespace_is_Single(I58SchemaBoundary boundary, String padding) in C:\Users\alejandra-mendoza\.codex\worktrees\architecture-shared-view-authored-comparators\tests\RackCad.Tests\I58Conf58SchemaWhitespaceTests.cs:line 62
   at InvokeStub_I58Conf58SchemaWhitespaceTests.Known_schema_with_exterior_whitespace_is_Single(Object, Span`1)
   at System.Reflection.MethodBaseInvoker.InvokeWithFewArgs(Object obj, BindingFlags invokeAttr, Binder binder, Object[] parameters, CultureInfo culture)
  Con error RackCad.Tests.I58Conf58SchemaWhitespaceTests.Known_schema_with_exterior_whitespace_is_Single(boundary: pushback/project/SchemaVersion/2.0/g0/calcTrue, padding: "tabs-newlines") [57 ms]
  Mensaje de error:
   Assert.Equal() Failure: Values differ
Expected: Single
Actual:   Unreadable
  Seguimiento de la pila:
     at RackCad.Tests.I58Conf58SchemaWhitespaceTests.Known_schema_with_exterior_whitespace_is_Single(I58SchemaBoundary boundary, String padding) in C:\Users\alejandra-mendoza\.codex\worktrees\architecture-shared-view-authored-comparators\tests\RackCad.Tests\I58Conf58SchemaWhitespaceTests.cs:line 62
   at InvokeStub_I58Conf58SchemaWhitespaceTests.Known_schema_with_exterior_whitespace_is_Single(Object, Span`1)
   at System.Reflection.MethodBaseInvoker.InvokeWithFewArgs(Object obj, BindingFlags invokeAttr, Binder binder, Object[] parameters, CultureInfo culture)
  Con error RackCad.Tests.I58Conf58SchemaWhitespaceTests.Known_schema_with_exterior_whitespace_is_Single(boundary: pushback/project/SchemaVersion/2.0/g0/calcTrue, padding: "unicode-whitespace") [63 ms]
  Mensaje de error:
   Assert.Equal() Failure: Values differ
Expected: Single
Actual:   Unreadable
  Seguimiento de la pila:
     at RackCad.Tests.I58Conf58SchemaWhitespaceTests.Known_schema_with_exterior_whitespace_is_Single(I58SchemaBoundary boundary, String padding) in C:\Users\alejandra-mendoza\.codex\worktrees\architecture-shared-view-authored-comparators\tests\RackCad.Tests\I58Conf58SchemaWhitespaceTests.cs:line 62
   at InvokeStub_I58Conf58SchemaWhitespaceTests.Known_schema_with_exterior_whitespace_is_Single(Object, Span`1)
   at System.Reflection.MethodBaseInvoker.InvokeWithFewArgs(Object obj, BindingFlags invokeAttr, Binder binder, Object[] parameters, CultureInfo culture)
  Con error RackCad.Tests.I58Conf58SchemaWhitespaceTests.Known_schema_with_exterior_whitespace_is_Single(boundary: cantilever/envelope/SchemaVersion/1.0/g0/calcTrue, padding: "spaces") [91 ms]
  Mensaje de error:
   Assert.Equal() Failure: Values differ
Expected: Single
Actual:   Unreadable
  Seguimiento de la pila:
     at RackCad.Tests.I58Conf58SchemaWhitespaceTests.Known_schema_with_exterior_whitespace_is_Single(I58SchemaBoundary boundary, String padding) in C:\Users\alejandra-mendoza\.codex\worktrees\architecture-shared-view-authored-comparators\tests\RackCad.Tests\I58Conf58SchemaWhitespaceTests.cs:line 62
   at InvokeStub_I58Conf58SchemaWhitespaceTests.Known_schema_with_exterior_whitespace_is_Single(Object, Span`1)
   at System.Reflection.MethodBaseInvoker.InvokeWithFewArgs(Object obj, BindingFlags invokeAttr, Binder binder, Object[] parameters, CultureInfo culture)
  Con error RackCad.Tests.I58Conf58SchemaWhitespaceTests.Known_schema_with_exterior_whitespace_is_Single(boundary: cantilever/envelope/SchemaVersion/1.0/g0/calcTrue, padding: "tabs-newlines") [4 ms]
  Mensaje de error:
   Assert.Equal() Failure: Values differ
Expected: Single
Actual:   Unreadable
  Seguimiento de la pila:
     at RackCad.Tests.I58Conf58SchemaWhitespaceTests.Known_schema_with_exterior_whitespace_is_Single(I58SchemaBoundary boundary, String padding) in C:\Users\alejandra-mendoza\.codex\worktrees\architecture-shared-view-authored-comparators\tests\RackCad.Tests\I58Conf58SchemaWhitespaceTests.cs:line 62
   at InvokeStub_I58Conf58SchemaWhitespaceTests.Known_schema_with_exterior_whitespace_is_Single(Object, Span`1)
   at System.Reflection.MethodBaseInvoker.InvokeWithFewArgs(Object obj, BindingFlags invokeAttr, Binder binder, Object[] parameters, CultureInfo culture)
[xUnit.net 00:00:17.07]     RackCad.Tests.I58Conf58SchemaWhitespaceTests.Known_schema_with_exterior_whitespace_is_Single(boundary: cantilever/envelope/SchemaVersion/1.0/g0/calcTrue, padding: "unicode-whitespace") [FAIL]
[xUnit.net 00:00:17.08]     RackCad.Tests.I58Conf58SchemaWhitespaceTests.Known_schema_with_exterior_whitespace_is_Single(boundary: cantilever/project/SchemaVersion/1.0/g0/calcTrue, padding: "spaces") [FAIL]
[xUnit.net 00:00:17.08]     RackCad.Tests.I58Conf58SchemaWhitespaceTests.Known_schema_with_exterior_whitespace_is_Single(boundary: cantilever/project/SchemaVersion/1.0/g0/calcTrue, padding: "tabs-newlines") [FAIL]
[xUnit.net 00:00:17.09]     RackCad.Tests.I58Conf58SchemaWhitespaceTests.Known_schema_with_exterior_whitespace_is_Single(boundary: cantilever/project/SchemaVersion/1.0/g0/calcTrue, padding: "unicode-whitespace") [FAIL]
[xUnit.net 00:00:17.09]     RackCad.Tests.I58Conf58SchemaWhitespaceTests.Known_schema_with_exterior_whitespace_is_Single(boundary: cantilever/project/SchemaVersion/2.0/g0/calcTrue, padding: "spaces") [FAIL]
[xUnit.net 00:00:17.10]     RackCad.Tests.I58Conf58SchemaWhitespaceTests.Known_schema_with_exterior_whitespace_is_Single(boundary: cantilever/project/SchemaVersion/2.0/g0/calcTrue, padding: "tabs-newlines") [FAIL]
[xUnit.net 00:00:17.11]     RackCad.Tests.I58Conf58SchemaWhitespaceTests.Known_schema_with_exterior_whitespace_is_Single(boundary: cantilever/project/SchemaVersion/2.0/g0/calcTrue, padding: "unicode-whitespace") [FAIL]
[xUnit.net 00:00:17.11]     RackCad.Tests.I58Conf58SchemaWhitespaceTests.Known_schema_with_exterior_whitespace_is_Single(boundary: cabecera/envelope/SchemaVersion/1.0/g0/calcTrue, padding: "spaces") [FAIL]
[xUnit.net 00:00:17.11]     RackCad.Tests.I58Conf58SchemaWhitespaceTests.Known_schema_with_exterior_whitespace_is_Single(boundary: cabecera/envelope/SchemaVersion/1.0/g0/calcTrue, padding: "tabs-newlines") [FAIL]
[xUnit.net 00:00:17.12]     RackCad.Tests.I58Conf58SchemaWhitespaceTests.Known_schema_with_exterior_whitespace_is_Single(boundary: cabecera/envelope/SchemaVersion/1.0/g0/calcTrue, padding: "unicode-whitespace") [FAIL]
  Con error RackCad.Tests.I58Conf58SchemaWhitespaceTests.Known_schema_with_exterior_whitespace_is_Single(boundary: cantilever/envelope/SchemaVersion/1.0/g0/calcTrue, padding: "unicode-whitespace") [5 ms]
  Mensaje de error:
   Assert.Equal() Failure: Values differ
Expected: Single
Actual:   Unreadable
  Seguimiento de la pila:
     at RackCad.Tests.I58Conf58SchemaWhitespaceTests.Known_schema_with_exterior_whitespace_is_Single(I58SchemaBoundary boundary, String padding) in C:\Users\alejandra-mendoza\.codex\worktrees\architecture-shared-view-authored-comparators\tests\RackCad.Tests\I58Conf58SchemaWhitespaceTests.cs:line 62
   at InvokeStub_I58Conf58SchemaWhitespaceTests.Known_schema_with_exterior_whitespace_is_Single(Object, Span`1)
   at System.Reflection.MethodBaseInvoker.InvokeWithFewArgs(Object obj, BindingFlags invokeAttr, Binder binder, Object[] parameters, CultureInfo culture)
  Con error RackCad.Tests.I58Conf58SchemaWhitespaceTests.Known_schema_with_exterior_whitespace_is_Single(boundary: cantilever/project/SchemaVersion/1.0/g0/calcTrue, padding: "spaces") [4 ms]
  Mensaje de error:
   Assert.Equal() Failure: Values differ
Expected: Single
Actual:   Unreadable
  Seguimiento de la pila:
     at RackCad.Tests.I58Conf58SchemaWhitespaceTests.Known_schema_with_exterior_whitespace_is_Single(I58SchemaBoundary boundary, String padding) in C:\Users\alejandra-mendoza\.codex\worktrees\architecture-shared-view-authored-comparators\tests\RackCad.Tests\I58Conf58SchemaWhitespaceTests.cs:line 62
   at InvokeStub_I58Conf58SchemaWhitespaceTests.Known_schema_with_exterior_whitespace_is_Single(Object, Span`1)
   at System.Reflection.MethodBaseInvoker.InvokeWithFewArgs(Object obj, BindingFlags invokeAttr, Binder binder, Object[] parameters, CultureInfo culture)
  Con error RackCad.Tests.I58Conf58SchemaWhitespaceTests.Known_schema_with_exterior_whitespace_is_Single(boundary: cantilever/project/SchemaVersion/1.0/g0/calcTrue, padding: "tabs-newlines") [3 ms]
  Mensaje de error:
   Assert.Equal() Failure: Values differ
Expected: Single
Actual:   Unreadable
  Seguimiento de la pila:
     at RackCad.Tests.I58Conf58SchemaWhitespaceTests.Known_schema_with_exterior_whitespace_is_Single(I58SchemaBoundary boundary, String padding) in C:\Users\alejandra-mendoza\.codex\worktrees\architecture-shared-view-authored-comparators\tests\RackCad.Tests\I58Conf58SchemaWhitespaceTests.cs:line 62
   at InvokeStub_I58Conf58SchemaWhitespaceTests.Known_schema_with_exterior_whitespace_is_Single(Object, Span`1)
   at System.Reflection.MethodBaseInvoker.InvokeWithFewArgs(Object obj, BindingFlags invokeAttr, Binder binder, Object[] parameters, CultureInfo culture)
  Con error RackCad.Tests.I58Conf58SchemaWhitespaceTests.Known_schema_with_exterior_whitespace_is_Single(boundary: cantilever/project/SchemaVersion/1.0/g0/calcTrue, padding: "unicode-whitespace") [4 ms]
  Mensaje de error:
   Assert.Equal() Failure: Values differ
Expected: Single
Actual:   Unreadable
  Seguimiento de la pila:
     at RackCad.Tests.I58Conf58SchemaWhitespaceTests.Known_schema_with_exterior_whitespace_is_Single(I58SchemaBoundary boundary, String padding) in C:\Users\alejandra-mendoza\.codex\worktrees\architecture-shared-view-authored-comparators\tests\RackCad.Tests\I58Conf58SchemaWhitespaceTests.cs:line 62
   at InvokeStub_I58Conf58SchemaWhitespaceTests.Known_schema_with_exterior_whitespace_is_Single(Object, Span`1)
   at System.Reflection.MethodBaseInvoker.InvokeWithFewArgs(Object obj, BindingFlags invokeAttr, Binder binder, Object[] parameters, CultureInfo culture)
  Con error RackCad.Tests.I58Conf58SchemaWhitespaceTests.Known_schema_with_exterior_whitespace_is_Single(boundary: cantilever/project/SchemaVersion/2.0/g0/calcTrue, padding: "spaces") [3 ms]
  Mensaje de error:
   Assert.Equal() Failure: Values differ
Expected: Single
Actual:   Unreadable
  Seguimiento de la pila:
     at RackCad.Tests.I58Conf58SchemaWhitespaceTests.Known_schema_with_exterior_whitespace_is_Single(I58SchemaBoundary boundary, String padding) in C:\Users\alejandra-mendoza\.codex\worktrees\architecture-shared-view-authored-comparators\tests\RackCad.Tests\I58Conf58SchemaWhitespaceTests.cs:line 62
   at InvokeStub_I58Conf58SchemaWhitespaceTests.Known_schema_with_exterior_whitespace_is_Single(Object, Span`1)
   at System.Reflection.MethodBaseInvoker.InvokeWithFewArgs(Object obj, BindingFlags invokeAttr, Binder binder, Object[] parameters, CultureInfo culture)
  Con error RackCad.Tests.I58Conf58SchemaWhitespaceTests.Known_schema_with_exterior_whitespace_is_Single(boundary: cantilever/project/SchemaVersion/2.0/g0/calcTrue, padding: "tabs-newlines") [8 ms]
  Mensaje de error:
   Assert.Equal() Failure: Values differ
Expected: Single
Actual:   Unreadable
  Seguimiento de la pila:
     at RackCad.Tests.I58Conf58SchemaWhitespaceTests.Known_schema_with_exterior_whitespace_is_Single(I58SchemaBoundary boundary, String padding) in C:\Users\alejandra-mendoza\.codex\worktrees\architecture-shared-view-authored-comparators\tests\RackCad.Tests\I58Conf58SchemaWhitespaceTests.cs:line 62
   at InvokeStub_I58Conf58SchemaWhitespaceTests.Known_schema_with_exterior_whitespace_is_Single(Object, Span`1)
   at System.Reflection.MethodBaseInvoker.InvokeWithFewArgs(Object obj, BindingFlags invokeAttr, Binder binder, Object[] parameters, CultureInfo culture)
  Con error RackCad.Tests.I58Conf58SchemaWhitespaceTests.Known_schema_with_exterior_whitespace_is_Single(boundary: cantilever/project/SchemaVersion/2.0/g0/calcTrue, padding: "unicode-whitespace") [3 ms]
  Mensaje de error:
   Assert.Equal() Failure: Values differ
Expected: Single
Actual:   Unreadable
  Seguimiento de la pila:
     at RackCad.Tests.I58Conf58SchemaWhitespaceTests.Known_schema_with_exterior_whitespace_is_Single(I58SchemaBoundary boundary, String padding) in C:\Users\alejandra-mendoza\.codex\worktrees\architecture-shared-view-authored-comparators\tests\RackCad.Tests\I58Conf58SchemaWhitespaceTests.cs:line 62
   at InvokeStub_I58Conf58SchemaWhitespaceTests.Known_schema_with_exterior_whitespace_is_Single(Object, Span`1)
   at System.Reflection.MethodBaseInvoker.InvokeWithFewArgs(Object obj, BindingFlags invokeAttr, Binder binder, Object[] parameters, CultureInfo culture)
  Con error RackCad.Tests.I58Conf58SchemaWhitespaceTests.Known_schema_with_exterior_whitespace_is_Single(boundary: cabecera/envelope/SchemaVersion/1.0/g0/calcTrue, padding: "spaces") [4 ms]
  Mensaje de error:
   Assert.Equal() Failure: Values differ
Expected: Single
Actual:   Unreadable
  Seguimiento de la pila:
     at RackCad.Tests.I58Conf58SchemaWhitespaceTests.Known_schema_with_exterior_whitespace_is_Single(I58SchemaBoundary boundary, String padding) in C:\Users\alejandra-mendoza\.codex\worktrees\architecture-shared-view-authored-comparators\tests\RackCad.Tests\I58Conf58SchemaWhitespaceTests.cs:line 62
   at InvokeStub_I58Conf58SchemaWhitespaceTests.Known_schema_with_exterior_whitespace_is_Single(Object, Span`1)
   at System.Reflection.MethodBaseInvoker.InvokeWithFewArgs(Object obj, BindingFlags invokeAttr, Binder binder, Object[] parameters, CultureInfo culture)
  Con error RackCad.Tests.I58Conf58SchemaWhitespaceTests.Known_schema_with_exterior_whitespace_is_Single(boundary: cabecera/envelope/SchemaVersion/1.0/g0/calcTrue, padding: "tabs-newlines") [3 ms]
  Mensaje de error:
   Assert.Equal() Failure: Values differ
Expected: Single
Actual:   Unreadable
  Seguimiento de la pila:
     at RackCad.Tests.I58Conf58SchemaWhitespaceTests.Known_schema_with_exterior_whitespace_is_Single(I58SchemaBoundary boundary, String padding) in C:\Users\alejandra-mendoza\.codex\worktrees\architecture-shared-view-authored-comparators\tests\RackCad.Tests\I58Conf58SchemaWhitespaceTests.cs:line 62
   at InvokeStub_I58Conf58SchemaWhitespaceTests.Known_schema_with_exterior_whitespace_is_Single(Object, Span`1)
   at System.Reflection.MethodBaseInvoker.InvokeWithFewArgs(Object obj, BindingFlags invokeAttr, Binder binder, Object[] parameters, CultureInfo culture)
  Con error RackCad.Tests.I58Conf58SchemaWhitespaceTests.Known_schema_with_exterior_whitespace_is_Single(boundary: cabecera/envelope/SchemaVersion/1.0/g0/calcTrue, padding: "unicode-whitespace") [3 ms]
  Mensaje de error:
   Assert.Equal() Failure: Values differ
Expected: Single
Actual:   Unreadable
  Seguimiento de la pila:
     at RackCad.Tests.I58Conf58SchemaWhitespaceTests.Known_schema_with_exterior_whitespace_is_Single(I58SchemaBoundary boundary, String padding) in C:\Users\alejandra-mendoza\.codex\worktrees\architecture-shared-view-authored-comparators\tests\RackCad.Tests\I58Conf58SchemaWhitespaceTests.cs:line 62
   at InvokeStub_I58Conf58SchemaWhitespaceTests.Known_schema_with_exterior_whitespace_is_Single(Object, Span`1)
   at System.Reflection.MethodBaseInvoker.InvokeWithFewArgs(Object obj, BindingFlags invokeAttr, Binder binder, Object[] parameters, CultureInfo culture)
[xUnit.net 00:00:17.12]     RackCad.Tests.I58Conf58SchemaWhitespaceTests.Known_schema_with_exterior_whitespace_is_Single(boundary: cabecera/project/SchemaVersion/1.0/g0/calcTrue, padding: "spaces") [FAIL]
[xUnit.net 00:00:17.12]     RackCad.Tests.I58Conf58SchemaWhitespaceTests.Known_schema_with_exterior_whitespace_is_Single(boundary: cabecera/project/SchemaVersion/1.0/g0/calcTrue, padding: "tabs-newlines") [FAIL]
[xUnit.net 00:00:17.13]     RackCad.Tests.I58Conf58SchemaWhitespaceTests.Known_schema_with_exterior_whitespace_is_Single(boundary: cabecera/project/SchemaVersion/1.0/g0/calcTrue, padding: "unicode-whitespace") [FAIL]
[xUnit.net 00:00:17.13]     RackCad.Tests.I58Conf58SchemaWhitespaceTests.Known_schema_with_exterior_whitespace_is_Single(boundary: cabecera/project/SchemaVersion/2.0/g0/calcTrue, padding: "spaces") [FAIL]
[xUnit.net 00:00:17.13]     RackCad.Tests.I58Conf58SchemaWhitespaceTests.Known_schema_with_exterior_whitespace_is_Single(boundary: cabecera/project/SchemaVersion/2.0/g0/calcTrue, padding: "tabs-newlines") [FAIL]
[xUnit.net 00:00:17.14]     RackCad.Tests.I58Conf58SchemaWhitespaceTests.Known_schema_with_exterior_whitespace_is_Single(boundary: cabecera/project/SchemaVersion/2.0/g0/calcTrue, padding: "unicode-whitespace") [FAIL]
[xUnit.net 00:00:17.20]     RackCad.Tests.I58Conf58SchemaWhitespaceTests.Known_schema_with_exterior_whitespace_is_Single(boundary: pushback/project/PushBack.SchemaVersion/1.0/g0/calcTrue, padding: "spaces") [FAIL]
[xUnit.net 00:00:17.27]     RackCad.Tests.I58Conf58SchemaWhitespaceTests.Known_schema_with_exterior_whitespace_is_Single(boundary: pushback/project/PushBack.SchemaVersion/1.0/g0/calcTrue, padding: "tabs-newlines") [FAIL]
[xUnit.net 00:00:17.35]     RackCad.Tests.I58Conf58SchemaWhitespaceTests.Known_schema_with_exterior_whitespace_is_Single(boundary: pushback/project/PushBack.SchemaVersion/1.0/g0/calcTrue, padding: "unicode-whitespace") [FAIL]
[xUnit.net 00:00:17.36]     RackCad.Tests.I58Conf58SchemaWhitespaceTests.Known_schema_with_exterior_whitespace_is_Single(boundary: cantilever/project/Cantilever.SchemaVersion/1.0/g0/calcTrue, padding: "spaces") [FAIL]
  Con error RackCad.Tests.I58Conf58SchemaWhitespaceTests.Known_schema_with_exterior_whitespace_is_Single(boundary: cabecera/project/SchemaVersion/1.0/g0/calcTrue, padding: "spaces") [2 ms]
  Mensaje de error:
   Assert.Equal() Failure: Values differ
Expected: Single
Actual:   Unreadable
  Seguimiento de la pila:
     at RackCad.Tests.I58Conf58SchemaWhitespaceTests.Known_schema_with_exterior_whitespace_is_Single(I58SchemaBoundary boundary, String padding) in C:\Users\alejandra-mendoza\.codex\worktrees\architecture-shared-view-authored-comparators\tests\RackCad.Tests\I58Conf58SchemaWhitespaceTests.cs:line 62
   at InvokeStub_I58Conf58SchemaWhitespaceTests.Known_schema_with_exterior_whitespace_is_Single(Object, Span`1)
   at System.Reflection.MethodBaseInvoker.InvokeWithFewArgs(Object obj, BindingFlags invokeAttr, Binder binder, Object[] parameters, CultureInfo culture)
  Con error RackCad.Tests.I58Conf58SchemaWhitespaceTests.Known_schema_with_exterior_whitespace_is_Single(boundary: cabecera/project/SchemaVersion/1.0/g0/calcTrue, padding: "tabs-newlines") [2 ms]
  Mensaje de error:
   Assert.Equal() Failure: Values differ
Expected: Single
Actual:   Unreadable
  Seguimiento de la pila:
     at RackCad.Tests.I58Conf58SchemaWhitespaceTests.Known_schema_with_exterior_whitespace_is_Single(I58SchemaBoundary boundary, String padding) in C:\Users\alejandra-mendoza\.codex\worktrees\architecture-shared-view-authored-comparators\tests\RackCad.Tests\I58Conf58SchemaWhitespaceTests.cs:line 62
   at InvokeStub_I58Conf58SchemaWhitespaceTests.Known_schema_with_exterior_whitespace_is_Single(Object, Span`1)
   at System.Reflection.MethodBaseInvoker.InvokeWithFewArgs(Object obj, BindingFlags invokeAttr, Binder binder, Object[] parameters, CultureInfo culture)
  Con error RackCad.Tests.I58Conf58SchemaWhitespaceTests.Known_schema_with_exterior_whitespace_is_Single(boundary: cabecera/project/SchemaVersion/1.0/g0/calcTrue, padding: "unicode-whitespace") [2 ms]
  Mensaje de error:
   Assert.Equal() Failure: Values differ
Expected: Single
Actual:   Unreadable
  Seguimiento de la pila:
     at RackCad.Tests.I58Conf58SchemaWhitespaceTests.Known_schema_with_exterior_whitespace_is_Single(I58SchemaBoundary boundary, String padding) in C:\Users\alejandra-mendoza\.codex\worktrees\architecture-shared-view-authored-comparators\tests\RackCad.Tests\I58Conf58SchemaWhitespaceTests.cs:line 62
   at InvokeStub_I58Conf58SchemaWhitespaceTests.Known_schema_with_exterior_whitespace_is_Single(Object, Span`1)
   at System.Reflection.MethodBaseInvoker.InvokeWithFewArgs(Object obj, BindingFlags invokeAttr, Binder binder, Object[] parameters, CultureInfo culture)
  Con error RackCad.Tests.I58Conf58SchemaWhitespaceTests.Known_schema_with_exterior_whitespace_is_Single(boundary: cabecera/project/SchemaVersion/2.0/g0/calcTrue, padding: "spaces") [1 ms]
  Mensaje de error:
   Assert.Equal() Failure: Values differ
Expected: Single
Actual:   Unreadable
  Seguimiento de la pila:
     at RackCad.Tests.I58Conf58SchemaWhitespaceTests.Known_schema_with_exterior_whitespace_is_Single(I58SchemaBoundary boundary, String padding) in C:\Users\alejandra-mendoza\.codex\worktrees\architecture-shared-view-authored-comparators\tests\RackCad.Tests\I58Conf58SchemaWhitespaceTests.cs:line 62
   at InvokeStub_I58Conf58SchemaWhitespaceTests.Known_schema_with_exterior_whitespace_is_Single(Object, Span`1)
   at System.Reflection.MethodBaseInvoker.InvokeWithFewArgs(Object obj, BindingFlags invokeAttr, Binder binder, Object[] parameters, CultureInfo culture)
  Con error RackCad.Tests.I58Conf58SchemaWhitespaceTests.Known_schema_with_exterior_whitespace_is_Single(boundary: cabecera/project/SchemaVersion/2.0/g0/calcTrue, padding: "tabs-newlines") [2 ms]
  Mensaje de error:
   Assert.Equal() Failure: Values differ
Expected: Single
Actual:   Unreadable
  Seguimiento de la pila:
     at RackCad.Tests.I58Conf58SchemaWhitespaceTests.Known_schema_with_exterior_whitespace_is_Single(I58SchemaBoundary boundary, String padding) in C:\Users\alejandra-mendoza\.codex\worktrees\architecture-shared-view-authored-comparators\tests\RackCad.Tests\I58Conf58SchemaWhitespaceTests.cs:line 62
   at InvokeStub_I58Conf58SchemaWhitespaceTests.Known_schema_with_exterior_whitespace_is_Single(Object, Span`1)
   at System.Reflection.MethodBaseInvoker.InvokeWithFewArgs(Object obj, BindingFlags invokeAttr, Binder binder, Object[] parameters, CultureInfo culture)
  Con error RackCad.Tests.I58Conf58SchemaWhitespaceTests.Known_schema_with_exterior_whitespace_is_Single(boundary: cabecera/project/SchemaVersion/2.0/g0/calcTrue, padding: "unicode-whitespace") [2 ms]
  Mensaje de error:
   Assert.Equal() Failure: Values differ
Expected: Single
Actual:   Unreadable
  Seguimiento de la pila:
     at RackCad.Tests.I58Conf58SchemaWhitespaceTests.Known_schema_with_exterior_whitespace_is_Single(I58SchemaBoundary boundary, String padding) in C:\Users\alejandra-mendoza\.codex\worktrees\architecture-shared-view-authored-comparators\tests\RackCad.Tests\I58Conf58SchemaWhitespaceTests.cs:line 62
   at InvokeStub_I58Conf58SchemaWhitespaceTests.Known_schema_with_exterior_whitespace_is_Single(Object, Span`1)
   at System.Reflection.MethodBaseInvoker.InvokeWithFewArgs(Object obj, BindingFlags invokeAttr, Binder binder, Object[] parameters, CultureInfo culture)
  Con error RackCad.Tests.I58Conf58SchemaWhitespaceTests.Known_schema_with_exterior_whitespace_is_Single(boundary: pushback/project/PushBack.SchemaVersion/1.0/g0/calcTrue, padding: "spaces") [62 ms]
  Mensaje de error:
   Assert.Equal() Failure: Values differ
Expected: Single
Actual:   Unreadable
  Seguimiento de la pila:
     at RackCad.Tests.I58Conf58SchemaWhitespaceTests.Known_schema_with_exterior_whitespace_is_Single(I58SchemaBoundary boundary, String padding) in C:\Users\alejandra-mendoza\.codex\worktrees\architecture-shared-view-authored-comparators\tests\RackCad.Tests\I58Conf58SchemaWhitespaceTests.cs:line 62
   at InvokeStub_I58Conf58SchemaWhitespaceTests.Known_schema_with_exterior_whitespace_is_Single(Object, Span`1)
   at System.Reflection.MethodBaseInvoker.InvokeWithFewArgs(Object obj, BindingFlags invokeAttr, Binder binder, Object[] parameters, CultureInfo culture)
  Con error RackCad.Tests.I58Conf58SchemaWhitespaceTests.Known_schema_with_exterior_whitespace_is_Single(boundary: pushback/project/PushBack.SchemaVersion/1.0/g0/calcTrue, padding: "tabs-newlines") [67 ms]
  Mensaje de error:
   Assert.Equal() Failure: Values differ
Expected: Single
Actual:   Unreadable
  Seguimiento de la pila:
     at RackCad.Tests.I58Conf58SchemaWhitespaceTests.Known_schema_with_exterior_whitespace_is_Single(I58SchemaBoundary boundary, String padding) in C:\Users\alejandra-mendoza\.codex\worktrees\architecture-shared-view-authored-comparators\tests\RackCad.Tests\I58Conf58SchemaWhitespaceTests.cs:line 62
   at InvokeStub_I58Conf58SchemaWhitespaceTests.Known_schema_with_exterior_whitespace_is_Single(Object, Span`1)
   at System.Reflection.MethodBaseInvoker.InvokeWithFewArgs(Object obj, BindingFlags invokeAttr, Binder binder, Object[] parameters, CultureInfo culture)
  Con error RackCad.Tests.I58Conf58SchemaWhitespaceTests.Known_schema_with_exterior_whitespace_is_Single(boundary: pushback/project/PushBack.SchemaVersion/1.0/g0/calcTrue, padding: "unicode-whitespace") [86 ms]
  Mensaje de error:
   Assert.Equal() Failure: Values differ
Expected: Single
Actual:   Unreadable
  Seguimiento de la pila:
     at RackCad.Tests.I58Conf58SchemaWhitespaceTests.Known_schema_with_exterior_whitespace_is_Single(I58SchemaBoundary boundary, String padding) in C:\Users\alejandra-mendoza\.codex\worktrees\architecture-shared-view-authored-comparators\tests\RackCad.Tests\I58Conf58SchemaWhitespaceTests.cs:line 62
   at InvokeStub_I58Conf58SchemaWhitespaceTests.Known_schema_with_exterior_whitespace_is_Single(Object, Span`1)
   at System.Reflection.MethodBaseInvoker.InvokeWithFewArgs(Object obj, BindingFlags invokeAttr, Binder binder, Object[] parameters, CultureInfo culture)
  Con error RackCad.Tests.I58Conf58SchemaWhitespaceTests.Known_schema_with_exterior_whitespace_is_Single(boundary: cantilever/project/Cantilever.SchemaVersion/1.0/g0/calcTrue, padding: "spaces") [5 ms]
  Mensaje de error:
   Assert.Equal() Failure: Values differ
Expected: Single
Actual:   Unreadable
  Seguimiento de la pila:
     at RackCad.Tests.I58Conf58SchemaWhitespaceTests.Known_schema_with_exterior_whitespace_is_Single(I58SchemaBoundary boundary, String padding) in C:\Users\alejandra-mendoza\.codex\worktrees\architecture-shared-view-authored-comparators\tests\RackCad.Tests\I58Conf58SchemaWhitespaceTests.cs:line 62
   at InvokeStub_I58Conf58SchemaWhitespaceTests.Known_schema_with_exterior_whitespace_is_Single(Object, Span`1)
   at System.Reflection.MethodBaseInvoker.InvokeWithFewArgs(Object obj, BindingFlags invokeAttr, Binder binder, Object[] parameters, CultureInfo culture)
[xUnit.net 00:00:17.37]     RackCad.Tests.I58Conf58SchemaWhitespaceTests.Known_schema_with_exterior_whitespace_is_Single(boundary: cantilever/project/Cantilever.SchemaVersion/1.0/g0/calcTrue, padding: "tabs-newlines") [FAIL]
[xUnit.net 00:00:17.37]     RackCad.Tests.I58Conf58SchemaWhitespaceTests.Known_schema_with_exterior_whitespace_is_Single(boundary: cantilever/project/Cantilever.SchemaVersion/1.0/g0/calcTrue, padding: "unicode-whitespace") [FAIL]
[xUnit.net 00:00:17.38]     RackCad.Tests.I58Conf58SchemaWhitespaceTests.Known_schema_with_exterior_whitespace_is_Single(boundary: cabecera/project/Header.SchemaVersion/1.0/g0/calcTrue, padding: "spaces") [FAIL]
[xUnit.net 00:00:17.38]     RackCad.Tests.I58Conf58SchemaWhitespaceTests.Known_schema_with_exterior_whitespace_is_Single(boundary: cabecera/project/Header.SchemaVersion/1.0/g0/calcTrue, padding: "tabs-newlines") [FAIL]
[xUnit.net 00:00:17.39]     RackCad.Tests.I58Conf58SchemaWhitespaceTests.Known_schema_with_exterior_whitespace_is_Single(boundary: cabecera/project/Header.SchemaVersion/1.0/g0/calcTrue, padding: "unicode-whitespace") [FAIL]
[xUnit.net 00:00:17.39]     RackCad.Tests.I58Conf58SchemaWhitespaceTests.Known_schema_with_exterior_whitespace_is_Single(boundary: cabecera/flat/SchemaVersion/1.0/g0/calcTrue, padding: "spaces") [FAIL]
[xUnit.net 00:00:17.39]     RackCad.Tests.I58Conf58SchemaWhitespaceTests.Known_schema_with_exterior_whitespace_is_Single(boundary: cabecera/flat/SchemaVersion/1.0/g0/calcTrue, padding: "tabs-newlines") [FAIL]
[xUnit.net 00:00:17.39]     RackCad.Tests.I58Conf58SchemaWhitespaceTests.Known_schema_with_exterior_whitespace_is_Single(boundary: cabecera/flat/SchemaVersion/1.0/g0/calcTrue, padding: "unicode-whitespace") [FAIL]
[xUnit.net 00:00:17.41]     RackCad.Tests.I58Conf58SchemaWhitespaceTests.Known_schema_with_exterior_whitespace_is_Single(boundary: dynamic/project/DynamicSystem.Modules.0.Header.SchemaVersion/1.0/g0/calcTrue, padding: "spaces") [FAIL]
[xUnit.net 00:00:17.42]     RackCad.Tests.I58Conf58SchemaWhitespaceTests.Known_schema_with_exterior_whitespace_is_Single(boundary: dynamic/project/DynamicSystem.Modules.0.Header.SchemaVersion/1.0/g0/calcTrue, padding: "tabs-newlines") [FAIL]
  Con error RackCad.Tests.I58Conf58SchemaWhitespaceTests.Known_schema_with_exterior_whitespace_is_Single(boundary: cantilever/project/Cantilever.SchemaVersion/1.0/g0/calcTrue, padding: "tabs-newlines") [4 ms]
  Mensaje de error:
   Assert.Equal() Failure: Values differ
Expected: Single
Actual:   Unreadable
  Seguimiento de la pila:
     at RackCad.Tests.I58Conf58SchemaWhitespaceTests.Known_schema_with_exterior_whitespace_is_Single(I58SchemaBoundary boundary, String padding) in C:\Users\alejandra-mendoza\.codex\worktrees\architecture-shared-view-authored-comparators\tests\RackCad.Tests\I58Conf58SchemaWhitespaceTests.cs:line 62
   at InvokeStub_I58Conf58SchemaWhitespaceTests.Known_schema_with_exterior_whitespace_is_Single(Object, Span`1)
   at System.Reflection.MethodBaseInvoker.InvokeWithFewArgs(Object obj, BindingFlags invokeAttr, Binder binder, Object[] parameters, CultureInfo culture)
  Con error RackCad.Tests.I58Conf58SchemaWhitespaceTests.Known_schema_with_exterior_whitespace_is_Single(boundary: cantilever/project/Cantilever.SchemaVersion/1.0/g0/calcTrue, padding: "unicode-whitespace") [3 ms]
  Mensaje de error:
   Assert.Equal() Failure: Values differ
Expected: Single
Actual:   Unreadable
  Seguimiento de la pila:
     at RackCad.Tests.I58Conf58SchemaWhitespaceTests.Known_schema_with_exterior_whitespace_is_Single(I58SchemaBoundary boundary, String padding) in C:\Users\alejandra-mendoza\.codex\worktrees\architecture-shared-view-authored-comparators\tests\RackCad.Tests\I58Conf58SchemaWhitespaceTests.cs:line 62
   at InvokeStub_I58Conf58SchemaWhitespaceTests.Known_schema_with_exterior_whitespace_is_Single(Object, Span`1)
   at System.Reflection.MethodBaseInvoker.InvokeWithFewArgs(Object obj, BindingFlags invokeAttr, Binder binder, Object[] parameters, CultureInfo culture)
  Con error RackCad.Tests.I58Conf58SchemaWhitespaceTests.Known_schema_with_exterior_whitespace_is_Single(boundary: cabecera/project/Header.SchemaVersion/1.0/g0/calcTrue, padding: "spaces") [8 ms]
  Mensaje de error:
   Assert.Equal() Failure: Values differ
Expected: Single
Actual:   Unreadable
  Seguimiento de la pila:
     at RackCad.Tests.I58Conf58SchemaWhitespaceTests.Known_schema_with_exterior_whitespace_is_Single(I58SchemaBoundary boundary, String padding) in C:\Users\alejandra-mendoza\.codex\worktrees\architecture-shared-view-authored-comparators\tests\RackCad.Tests\I58Conf58SchemaWhitespaceTests.cs:line 62
   at InvokeStub_I58Conf58SchemaWhitespaceTests.Known_schema_with_exterior_whitespace_is_Single(Object, Span`1)
   at System.Reflection.MethodBaseInvoker.InvokeWithFewArgs(Object obj, BindingFlags invokeAttr, Binder binder, Object[] parameters, CultureInfo culture)
  Con error RackCad.Tests.I58Conf58SchemaWhitespaceTests.Known_schema_with_exterior_whitespace_is_Single(boundary: cabecera/project/Header.SchemaVersion/1.0/g0/calcTrue, padding: "tabs-newlines") [2 ms]
  Mensaje de error:
   Assert.Equal() Failure: Values differ
Expected: Single
Actual:   Unreadable
  Seguimiento de la pila:
     at RackCad.Tests.I58Conf58SchemaWhitespaceTests.Known_schema_with_exterior_whitespace_is_Single(I58SchemaBoundary boundary, String padding) in C:\Users\alejandra-mendoza\.codex\worktrees\architecture-shared-view-authored-comparators\tests\RackCad.Tests\I58Conf58SchemaWhitespaceTests.cs:line 62
   at InvokeStub_I58Conf58SchemaWhitespaceTests.Known_schema_with_exterior_whitespace_is_Single(Object, Span`1)
   at System.Reflection.MethodBaseInvoker.InvokeWithFewArgs(Object obj, BindingFlags invokeAttr, Binder binder, Object[] parameters, CultureInfo culture)
  Con error RackCad.Tests.I58Conf58SchemaWhitespaceTests.Known_schema_with_exterior_whitespace_is_Single(boundary: cabecera/project/Header.SchemaVersion/1.0/g0/calcTrue, padding: "unicode-whitespace") [2 ms]
  Mensaje de error:
   Assert.Equal() Failure: Values differ
Expected: Single
Actual:   Unreadable
  Seguimiento de la pila:
     at RackCad.Tests.I58Conf58SchemaWhitespaceTests.Known_schema_with_exterior_whitespace_is_Single(I58SchemaBoundary boundary, String padding) in C:\Users\alejandra-mendoza\.codex\worktrees\architecture-shared-view-authored-comparators\tests\RackCad.Tests\I58Conf58SchemaWhitespaceTests.cs:line 62
   at InvokeStub_I58Conf58SchemaWhitespaceTests.Known_schema_with_exterior_whitespace_is_Single(Object, Span`1)
   at System.Reflection.MethodBaseInvoker.InvokeWithFewArgs(Object obj, BindingFlags invokeAttr, Binder binder, Object[] parameters, CultureInfo culture)
  Con error RackCad.Tests.I58Conf58SchemaWhitespaceTests.Known_schema_with_exterior_whitespace_is_Single(boundary: cabecera/flat/SchemaVersion/1.0/g0/calcTrue, padding: "spaces") [1 ms]
  Mensaje de error:
   Assert.Equal() Failure: Values differ
Expected: Single
Actual:   Unreadable
  Seguimiento de la pila:
     at RackCad.Tests.I58Conf58SchemaWhitespaceTests.Known_schema_with_exterior_whitespace_is_Single(I58SchemaBoundary boundary, String padding) in C:\Users\alejandra-mendoza\.codex\worktrees\architecture-shared-view-authored-comparators\tests\RackCad.Tests\I58Conf58SchemaWhitespaceTests.cs:line 62
   at InvokeStub_I58Conf58SchemaWhitespaceTests.Known_schema_with_exterior_whitespace_is_Single(Object, Span`1)
   at System.Reflection.MethodBaseInvoker.InvokeWithFewArgs(Object obj, BindingFlags invokeAttr, Binder binder, Object[] parameters, CultureInfo culture)
  Con error RackCad.Tests.I58Conf58SchemaWhitespaceTests.Known_schema_with_exterior_whitespace_is_Single(boundary: cabecera/flat/SchemaVersion/1.0/g0/calcTrue, padding: "tabs-newlines") [< 1 ms]
  Mensaje de error:
   Assert.Equal() Failure: Values differ
Expected: Single
Actual:   Unreadable
  Seguimiento de la pila:
     at RackCad.Tests.I58Conf58SchemaWhitespaceTests.Known_schema_with_exterior_whitespace_is_Single(I58SchemaBoundary boundary, String padding) in C:\Users\alejandra-mendoza\.codex\worktrees\architecture-shared-view-authored-comparators\tests\RackCad.Tests\I58Conf58SchemaWhitespaceTests.cs:line 62
   at InvokeStub_I58Conf58SchemaWhitespaceTests.Known_schema_with_exterior_whitespace_is_Single(Object, Span`1)
   at System.Reflection.MethodBaseInvoker.InvokeWithFewArgs(Object obj, BindingFlags invokeAttr, Binder binder, Object[] parameters, CultureInfo culture)
  Con error RackCad.Tests.I58Conf58SchemaWhitespaceTests.Known_schema_with_exterior_whitespace_is_Single(boundary: cabecera/flat/SchemaVersion/1.0/g0/calcTrue, padding: "unicode-whitespace") [3 ms]
  Mensaje de error:
   Assert.Equal() Failure: Values differ
Expected: Single
Actual:   Unreadable
  Seguimiento de la pila:
     at RackCad.Tests.I58Conf58SchemaWhitespaceTests.Known_schema_with_exterior_whitespace_is_Single(I58SchemaBoundary boundary, String padding) in C:\Users\alejandra-mendoza\.codex\worktrees\architecture-shared-view-authored-comparators\tests\RackCad.Tests\I58Conf58SchemaWhitespaceTests.cs:line 62
   at InvokeStub_I58Conf58SchemaWhitespaceTests.Known_schema_with_exterior_whitespace_is_Single(Object, Span`1)
   at System.Reflection.MethodBaseInvoker.InvokeWithFewArgs(Object obj, BindingFlags invokeAttr, Binder binder, Object[] parameters, CultureInfo culture)
  Con error RackCad.Tests.I58Conf58SchemaWhitespaceTests.Known_schema_with_exterior_whitespace_is_Single(boundary: dynamic/project/DynamicSystem.Modules.0.Header.SchemaVersion/1.0/g0/calcTrue, padding: "spaces") [16 ms]
  Mensaje de error:
   Assert.Equal() Failure: Values differ
Expected: Single
Actual:   Unreadable
  Seguimiento de la pila:
     at RackCad.Tests.I58Conf58SchemaWhitespaceTests.Known_schema_with_exterior_whitespace_is_Single(I58SchemaBoundary boundary, String padding) in C:\Users\alejandra-mendoza\.codex\worktrees\architecture-shared-view-authored-comparators\tests\RackCad.Tests\I58Conf58SchemaWhitespaceTests.cs:line 62
   at InvokeStub_I58Conf58SchemaWhitespaceTests.Known_schema_with_exterior_whitespace_is_Single(Object, Span`1)
   at System.Reflection.MethodBaseInvoker.InvokeWithFewArgs(Object obj, BindingFlags invokeAttr, Binder binder, Object[] parameters, CultureInfo culture)
[xUnit.net 00:00:17.43]     RackCad.Tests.I58Conf58SchemaWhitespaceTests.Known_schema_with_exterior_whitespace_is_Single(boundary: dynamic/project/DynamicSystem.Modules.0.Header.SchemaVersion/1.0/g0/calcTrue, padding: "unicode-whitespace") [FAIL]
[xUnit.net 00:00:17.45]     RackCad.Tests.I58Conf58SchemaWhitespaceTests.Known_schema_with_exterior_whitespace_is_Single(boundary: dynamic/project/DynamicSystem.Modules.0.Header.SchemaVersion/1.0/g0/calcFalse, padding: "spaces") [FAIL]
  Con error RackCad.Tests.I58Conf58SchemaWhitespaceTests.Known_schema_with_exterior_whitespace_is_Single(boundary: dynamic/project/DynamicSystem.Modules.0.Header.SchemaVersion/1.0/g0/calcTrue, padding: "tabs-newlines") [12 ms]
  Mensaje de error:
   Assert.Equal() Failure: Values differ
Expected: Single
Actual:   Unreadable
  Seguimiento de la pila:
     at RackCad.Tests.I58Conf58SchemaWhitespaceTests.Known_schema_with_exterior_whitespace_is_Single(I58SchemaBoundary boundary, String padding) in C:\Users\alejandra-mendoza\.codex\worktrees\architecture-shared-view-authored-comparators\tests\RackCad.Tests\I58Conf58SchemaWhitespaceTests.cs:line 62
   at InvokeStub_I58Conf58SchemaWhitespaceTests.Known_schema_with_exterior_whitespace_is_Single(Object, Span`1)
   at System.Reflection.MethodBaseInvoker.InvokeWithFewArgs(Object obj, BindingFlags invokeAttr, Binder binder, Object[] parameters, CultureInfo culture)
[xUnit.net 00:00:17.46]     RackCad.Tests.I58Conf58SchemaWhitespaceTests.Known_schema_with_exterior_whitespace_is_Single(boundary: dynamic/project/DynamicSystem.Modules.0.Header.SchemaVersion/1.0/g0/calcFalse, padding: "tabs-newlines") [FAIL]
[xUnit.net 00:00:17.48]     RackCad.Tests.I58Conf58SchemaWhitespaceTests.Known_schema_with_exterior_whitespace_is_Single(boundary: dynamic/project/DynamicSystem.Modules.0.Header.SchemaVersion/1.0/g0/calcFalse, padding: "unicode-whitespace") [FAIL]
[xUnit.net 00:00:17.48]     RackCad.Tests.I58Conf58SchemaWhitespaceTests.Known_schema_with_exterior_whitespace_is_Single(boundary: dynamic/project/DynamicSystem.HeaderLineOverrides.0.Header.SchemaVersion/1.0/g0/calcTrue, padding: "spaces") [FAIL]
[xUnit.net 00:00:17.49]     RackCad.Tests.I58Conf58SchemaWhitespaceTests.Known_schema_with_exterior_whitespace_is_Single(boundary: dynamic/project/DynamicSystem.HeaderLineOverrides.0.Header.SchemaVersion/1.0/g0/calcTrue, padding: "tabs-newlines") [FAIL]
[xUnit.net 00:00:17.51]     RackCad.Tests.I58Conf58SchemaWhitespaceTests.Known_schema_with_exterior_whitespace_is_Single(boundary: dynamic/project/DynamicSystem.HeaderLineOverrides.0.Header.SchemaVersion/1.0/g0/calcTrue, padding: "unicode-whitespace") [FAIL]
[xUnit.net 00:00:17.52]     RackCad.Tests.I58Conf58SchemaWhitespaceTests.Known_schema_with_exterior_whitespace_is_Single(boundary: dynamic/project/DynamicSystem.Modules.0.Header.SchemaVersion/1.0/g5/calcTrue, padding: "spaces") [FAIL]
[xUnit.net 00:00:17.54]     RackCad.Tests.I58Conf58SchemaWhitespaceTests.Known_schema_with_exterior_whitespace_is_Single(boundary: dynamic/project/DynamicSystem.Modules.0.Header.SchemaVersion/1.0/g5/calcTrue, padding: "tabs-newlines") [FAIL]
[xUnit.net 00:00:17.55]     RackCad.Tests.I58Conf58SchemaWhitespaceTests.Known_schema_with_exterior_whitespace_is_Single(boundary: dynamic/project/DynamicSystem.Modules.0.Header.SchemaVersion/1.0/g5/calcTrue, padding: "unicode-whitespace") [FAIL]
  Con error RackCad.Tests.I58Conf58SchemaWhitespaceTests.Known_schema_with_exterior_whitespace_is_Single(boundary: dynamic/project/DynamicSystem.Modules.0.Header.SchemaVersion/1.0/g0/calcTrue, padding: "unicode-whitespace") [10 ms]
  Mensaje de error:
   Assert.Equal() Failure: Values differ
Expected: Single
Actual:   Unreadable
  Seguimiento de la pila:
     at RackCad.Tests.I58Conf58SchemaWhitespaceTests.Known_schema_with_exterior_whitespace_is_Single(I58SchemaBoundary boundary, String padding) in C:\Users\alejandra-mendoza\.codex\worktrees\architecture-shared-view-authored-comparators\tests\RackCad.Tests\I58Conf58SchemaWhitespaceTests.cs:line 62
   at InvokeStub_I58Conf58SchemaWhitespaceTests.Known_schema_with_exterior_whitespace_is_Single(Object, Span`1)
   at System.Reflection.MethodBaseInvoker.InvokeWithFewArgs(Object obj, BindingFlags invokeAttr, Binder binder, Object[] parameters, CultureInfo culture)
  Con error RackCad.Tests.I58Conf58SchemaWhitespaceTests.Known_schema_with_exterior_whitespace_is_Single(boundary: dynamic/project/DynamicSystem.Modules.0.Header.SchemaVersion/1.0/g0/calcFalse, padding: "spaces") [13 ms]
  Mensaje de error:
   Assert.Equal() Failure: Values differ
Expected: Single
Actual:   Unreadable
  Seguimiento de la pila:
     at RackCad.Tests.I58Conf58SchemaWhitespaceTests.Known_schema_with_exterior_whitespace_is_Single(I58SchemaBoundary boundary, String padding) in C:\Users\alejandra-mendoza\.codex\worktrees\architecture-shared-view-authored-comparators\tests\RackCad.Tests\I58Conf58SchemaWhitespaceTests.cs:line 62
   at InvokeStub_I58Conf58SchemaWhitespaceTests.Known_schema_with_exterior_whitespace_is_Single(Object, Span`1)
   at System.Reflection.MethodBaseInvoker.InvokeWithFewArgs(Object obj, BindingFlags invokeAttr, Binder binder, Object[] parameters, CultureInfo culture)
  Con error RackCad.Tests.I58Conf58SchemaWhitespaceTests.Known_schema_with_exterior_whitespace_is_Single(boundary: dynamic/project/DynamicSystem.Modules.0.Header.SchemaVersion/1.0/g0/calcFalse, padding: "tabs-newlines") [17 ms]
  Mensaje de error:
   Assert.Equal() Failure: Values differ
Expected: Single
Actual:   Unreadable
  Seguimiento de la pila:
     at RackCad.Tests.I58Conf58SchemaWhitespaceTests.Known_schema_with_exterior_whitespace_is_Single(I58SchemaBoundary boundary, String padding) in C:\Users\alejandra-mendoza\.codex\worktrees\architecture-shared-view-authored-comparators\tests\RackCad.Tests\I58Conf58SchemaWhitespaceTests.cs:line 62
   at InvokeStub_I58Conf58SchemaWhitespaceTests.Known_schema_with_exterior_whitespace_is_Single(Object, Span`1)
   at System.Reflection.MethodBaseInvoker.InvokeWithFewArgs(Object obj, BindingFlags invokeAttr, Binder binder, Object[] parameters, CultureInfo culture)
  Con error RackCad.Tests.I58Conf58SchemaWhitespaceTests.Known_schema_with_exterior_whitespace_is_Single(boundary: dynamic/project/DynamicSystem.Modules.0.Header.SchemaVersion/1.0/g0/calcFalse, padding: "unicode-whitespace") [10 ms]
  Mensaje de error:
   Assert.Equal() Failure: Values differ
Expected: Single
Actual:   Unreadable
  Seguimiento de la pila:
     at RackCad.Tests.I58Conf58SchemaWhitespaceTests.Known_schema_with_exterior_whitespace_is_Single(I58SchemaBoundary boundary, String padding) in C:\Users\alejandra-mendoza\.codex\worktrees\architecture-shared-view-authored-comparators\tests\RackCad.Tests\I58Conf58SchemaWhitespaceTests.cs:line 62
   at InvokeStub_I58Conf58SchemaWhitespaceTests.Known_schema_with_exterior_whitespace_is_Single(Object, Span`1)
   at System.Reflection.MethodBaseInvoker.InvokeWithFewArgs(Object obj, BindingFlags invokeAttr, Binder binder, Object[] parameters, CultureInfo culture)
  Con error RackCad.Tests.I58Conf58SchemaWhitespaceTests.Known_schema_with_exterior_whitespace_is_Single(boundary: dynamic/project/DynamicSystem.HeaderLineOverrides.0.Header.SchemaVersion/1.0/g0/calcTrue, padding: "spaces") [9 ms]
  Mensaje de error:
   Assert.Equal() Failure: Values differ
Expected: Single
Actual:   Unreadable
  Seguimiento de la pila:
     at RackCad.Tests.I58Conf58SchemaWhitespaceTests.Known_schema_with_exterior_whitespace_is_Single(I58SchemaBoundary boundary, String padding) in C:\Users\alejandra-mendoza\.codex\worktrees\architecture-shared-view-authored-comparators\tests\RackCad.Tests\I58Conf58SchemaWhitespaceTests.cs:line 62
   at InvokeStub_I58Conf58SchemaWhitespaceTests.Known_schema_with_exterior_whitespace_is_Single(Object, Span`1)
   at System.Reflection.MethodBaseInvoker.InvokeWithFewArgs(Object obj, BindingFlags invokeAttr, Binder binder, Object[] parameters, CultureInfo culture)
  Con error RackCad.Tests.I58Conf58SchemaWhitespaceTests.Known_schema_with_exterior_whitespace_is_Single(boundary: dynamic/project/DynamicSystem.HeaderLineOverrides.0.Header.SchemaVersion/1.0/g0/calcTrue, padding: "tabs-newlines") [8 ms]
  Mensaje de error:
   Assert.Equal() Failure: Values differ
Expected: Single
Actual:   Unreadable
  Seguimiento de la pila:
     at RackCad.Tests.I58Conf58SchemaWhitespaceTests.Known_schema_with_exterior_whitespace_is_Single(I58SchemaBoundary boundary, String padding) in C:\Users\alejandra-mendoza\.codex\worktrees\architecture-shared-view-authored-comparators\tests\RackCad.Tests\I58Conf58SchemaWhitespaceTests.cs:line 62
   at InvokeStub_I58Conf58SchemaWhitespaceTests.Known_schema_with_exterior_whitespace_is_Single(Object, Span`1)
   at System.Reflection.MethodBaseInvoker.InvokeWithFewArgs(Object obj, BindingFlags invokeAttr, Binder binder, Object[] parameters, CultureInfo culture)
  Con error RackCad.Tests.I58Conf58SchemaWhitespaceTests.Known_schema_with_exterior_whitespace_is_Single(boundary: dynamic/project/DynamicSystem.HeaderLineOverrides.0.Header.SchemaVersion/1.0/g0/calcTrue, padding: "unicode-whitespace") [16 ms]
  Mensaje de error:
   Assert.Equal() Failure: Values differ
Expected: Single
Actual:   Unreadable
  Seguimiento de la pila:
     at RackCad.Tests.I58Conf58SchemaWhitespaceTests.Known_schema_with_exterior_whitespace_is_Single(I58SchemaBoundary boundary, String padding) in C:\Users\alejandra-mendoza\.codex\worktrees\architecture-shared-view-authored-comparators\tests\RackCad.Tests\I58Conf58SchemaWhitespaceTests.cs:line 62
   at InvokeStub_I58Conf58SchemaWhitespaceTests.Known_schema_with_exterior_whitespace_is_Single(Object, Span`1)
   at System.Reflection.MethodBaseInvoker.InvokeWithFewArgs(Object obj, BindingFlags invokeAttr, Binder binder, Object[] parameters, CultureInfo culture)
  Con error RackCad.Tests.I58Conf58SchemaWhitespaceTests.Known_schema_with_exterior_whitespace_is_Single(boundary: dynamic/project/DynamicSystem.Modules.0.Header.SchemaVersion/1.0/g5/calcTrue, padding: "spaces") [13 ms]
  Mensaje de error:
   Assert.Equal() Failure: Values differ
Expected: Single
Actual:   Unreadable
  Seguimiento de la pila:
     at RackCad.Tests.I58Conf58SchemaWhitespaceTests.Known_schema_with_exterior_whitespace_is_Single(I58SchemaBoundary boundary, String padding) in C:\Users\alejandra-mendoza\.codex\worktrees\architecture-shared-view-authored-comparators\tests\RackCad.Tests\I58Conf58SchemaWhitespaceTests.cs:line 62
   at InvokeStub_I58Conf58SchemaWhitespaceTests.Known_schema_with_exterior_whitespace_is_Single(Object, Span`1)
   at System.Reflection.MethodBaseInvoker.InvokeWithFewArgs(Object obj, BindingFlags invokeAttr, Binder binder, Object[] parameters, CultureInfo culture)
  Con error RackCad.Tests.I58Conf58SchemaWhitespaceTests.Known_schema_with_exterior_whitespace_is_Single(boundary: dynamic/project/DynamicSystem.Modules.0.Header.SchemaVersion/1.0/g5/calcTrue, padding: "tabs-newlines") [12 ms]
  Mensaje de error:
   Assert.Equal() Failure: Values differ
Expected: Single
Actual:   Unreadable
  Seguimiento de la pila:
     at RackCad.Tests.I58Conf58SchemaWhitespaceTests.Known_schema_with_exterior_whitespace_is_Single(I58SchemaBoundary boundary, String padding) in C:\Users\alejandra-mendoza\.codex\worktrees\architecture-shared-view-authored-comparators\tests\RackCad.Tests\I58Conf58SchemaWhitespaceTests.cs:line 62
   at InvokeStub_I58Conf58SchemaWhitespaceTests.Known_schema_with_exterior_whitespace_is_Single(Object, Span`1)
   at System.Reflection.MethodBaseInvoker.InvokeWithFewArgs(Object obj, BindingFlags invokeAttr, Binder binder, Object[] parameters, CultureInfo culture)
  Con error RackCad.Tests.I58Conf58SchemaWhitespaceTests.Known_schema_with_exterior_whitespace_is_Single(boundary: dynamic/project/DynamicSystem.Modules.0.Header.SchemaVersion/1.0/g5/calcTrue, padding: "unicode-whitespace") [11 ms]
  Mensaje de error:
   Assert.Equal() Failure: Values differ
Expected: Single
Actual:   Unreadable
  Seguimiento de la pila:
     at RackCad.Tests.I58Conf58SchemaWhitespaceTests.Known_schema_with_exterior_whitespace_is_Single(I58SchemaBoundary boundary, String padding) in C:\Users\alejandra-mendoza\.codex\worktrees\architecture-shared-view-authored-comparators\tests\RackCad.Tests\I58Conf58SchemaWhitespaceTests.cs:line 62
   at InvokeStub_I58Conf58SchemaWhitespaceTests.Known_schema_with_exterior_whitespace_is_Single(Object, Span`1)
   at System.Reflection.MethodBaseInvoker.InvokeWithFewArgs(Object obj, BindingFlags invokeAttr, Binder binder, Object[] parameters, CultureInfo culture)
[xUnit.net 00:00:17.57]     RackCad.Tests.I58Conf58SchemaWhitespaceTests.Known_schema_with_exterior_whitespace_is_Single(boundary: dynamic/project/DynamicSystem.Modules.0.Header.SchemaVersion/1.0/g5/calcFalse, padding: "spaces") [FAIL]
[xUnit.net 00:00:17.59]     RackCad.Tests.I58Conf58SchemaWhitespaceTests.Known_schema_with_exterior_whitespace_is_Single(boundary: dynamic/project/DynamicSystem.Modules.0.Header.SchemaVersion/1.0/g5/calcFalse, padding: "tabs-newlines") [FAIL]
[xUnit.net 00:00:17.60]     RackCad.Tests.I58Conf58SchemaWhitespaceTests.Known_schema_with_exterior_whitespace_is_Single(boundary: dynamic/project/DynamicSystem.Modules.0.Header.SchemaVersion/1.0/g5/calcFalse, padding: "unicode-whitespace") [FAIL]
[xUnit.net 00:00:17.61]     RackCad.Tests.I58Conf58SchemaWhitespaceTests.Known_schema_with_exterior_whitespace_is_Single(boundary: dynamic/project/DynamicSystem.HeaderLineOverrides.0.Header.SchemaVersion/1.0/g5/calcTrue, padding: "spaces") [FAIL]
[xUnit.net 00:00:17.63]     RackCad.Tests.I58Conf58SchemaWhitespaceTests.Known_schema_with_exterior_whitespace_is_Single(boundary: dynamic/project/DynamicSystem.HeaderLineOverrides.0.Header.SchemaVersion/1.0/g5/calcTrue, padding: "tabs-newlines") [FAIL]
[xUnit.net 00:00:17.64]     RackCad.Tests.I58Conf58SchemaWhitespaceTests.Known_schema_with_exterior_whitespace_is_Single(boundary: dynamic/project/DynamicSystem.HeaderLineOverrides.0.Header.SchemaVersion/1.0/g5/calcTrue, padding: "unicode-whitespace") [FAIL]
[xUnit.net 00:00:17.70]     RackCad.Tests.I58Conf58SchemaWhitespaceTests.Known_schema_with_exterior_whitespace_is_Single(boundary: pushback/project/PushBack.Structure.Modules.0.Header.SchemaVersion/1.0/g0/calcTrue, padding: "spaces") [FAIL]
[xUnit.net 00:00:17.76]     RackCad.Tests.I58Conf58SchemaWhitespaceTests.Known_schema_with_exterior_whitespace_is_Single(boundary: pushback/project/PushBack.Structure.Modules.0.Header.SchemaVersion/1.0/g0/calcTrue, padding: "tabs-newlines") [FAIL]
[xUnit.net 00:00:17.81]     RackCad.Tests.I58Conf58SchemaWhitespaceTests.Known_schema_with_exterior_whitespace_is_Single(boundary: pushback/project/PushBack.Structure.Modules.0.Header.SchemaVersion/1.0/g0/calcTrue, padding: "unicode-whitespace") [FAIL]
[xUnit.net 00:00:17.87]     RackCad.Tests.I58Conf58SchemaWhitespaceTests.Known_schema_with_exterior_whitespace_is_Single(boundary: pushback/project/PushBack.Structure.Modules.0.Header.SchemaVersion/1.0/g0/calcFalse, padding: "spaces") [FAIL]
  Con error RackCad.Tests.I58Conf58SchemaWhitespaceTests.Known_schema_with_exterior_whitespace_is_Single(boundary: dynamic/project/DynamicSystem.Modules.0.Header.SchemaVersion/1.0/g5/calcFalse, padding: "spaces") [19 ms]
  Mensaje de error:
   Assert.Equal() Failure: Values differ
Expected: Single
Actual:   Unreadable
  Seguimiento de la pila:
     at RackCad.Tests.I58Conf58SchemaWhitespaceTests.Known_schema_with_exterior_whitespace_is_Single(I58SchemaBoundary boundary, String padding) in C:\Users\alejandra-mendoza\.codex\worktrees\architecture-shared-view-authored-comparators\tests\RackCad.Tests\I58Conf58SchemaWhitespaceTests.cs:line 62
   at InvokeStub_I58Conf58SchemaWhitespaceTests.Known_schema_with_exterior_whitespace_is_Single(Object, Span`1)
   at System.Reflection.MethodBaseInvoker.InvokeWithFewArgs(Object obj, BindingFlags invokeAttr, Binder binder, Object[] parameters, CultureInfo culture)
  Con error RackCad.Tests.I58Conf58SchemaWhitespaceTests.Known_schema_with_exterior_whitespace_is_Single(boundary: dynamic/project/DynamicSystem.Modules.0.Header.SchemaVersion/1.0/g5/calcFalse, padding: "tabs-newlines") [16 ms]
  Mensaje de error:
   Assert.Equal() Failure: Values differ
Expected: Single
Actual:   Unreadable
  Seguimiento de la pila:
     at RackCad.Tests.I58Conf58SchemaWhitespaceTests.Known_schema_with_exterior_whitespace_is_Single(I58SchemaBoundary boundary, String padding) in C:\Users\alejandra-mendoza\.codex\worktrees\architecture-shared-view-authored-comparators\tests\RackCad.Tests\I58Conf58SchemaWhitespaceTests.cs:line 62
   at InvokeStub_I58Conf58SchemaWhitespaceTests.Known_schema_with_exterior_whitespace_is_Single(Object, Span`1)
   at System.Reflection.MethodBaseInvoker.InvokeWithFewArgs(Object obj, BindingFlags invokeAttr, Binder binder, Object[] parameters, CultureInfo culture)
  Con error RackCad.Tests.I58Conf58SchemaWhitespaceTests.Known_schema_with_exterior_whitespace_is_Single(boundary: dynamic/project/DynamicSystem.Modules.0.Header.SchemaVersion/1.0/g5/calcFalse, padding: "unicode-whitespace") [11 ms]
  Mensaje de error:
   Assert.Equal() Failure: Values differ
Expected: Single
Actual:   Unreadable
  Seguimiento de la pila:
     at RackCad.Tests.I58Conf58SchemaWhitespaceTests.Known_schema_with_exterior_whitespace_is_Single(I58SchemaBoundary boundary, String padding) in C:\Users\alejandra-mendoza\.codex\worktrees\architecture-shared-view-authored-comparators\tests\RackCad.Tests\I58Conf58SchemaWhitespaceTests.cs:line 62
   at InvokeStub_I58Conf58SchemaWhitespaceTests.Known_schema_with_exterior_whitespace_is_Single(Object, Span`1)
   at System.Reflection.MethodBaseInvoker.InvokeWithFewArgs(Object obj, BindingFlags invokeAttr, Binder binder, Object[] parameters, CultureInfo culture)
  Con error RackCad.Tests.I58Conf58SchemaWhitespaceTests.Known_schema_with_exterior_whitespace_is_Single(boundary: dynamic/project/DynamicSystem.HeaderLineOverrides.0.Header.SchemaVersion/1.0/g5/calcTrue, padding: "spaces") [15 ms]
  Mensaje de error:
   Assert.Equal() Failure: Values differ
Expected: Single
Actual:   Unreadable
  Seguimiento de la pila:
     at RackCad.Tests.I58Conf58SchemaWhitespaceTests.Known_schema_with_exterior_whitespace_is_Single(I58SchemaBoundary boundary, String padding) in C:\Users\alejandra-mendoza\.codex\worktrees\architecture-shared-view-authored-comparators\tests\RackCad.Tests\I58Conf58SchemaWhitespaceTests.cs:line 62
   at InvokeStub_I58Conf58SchemaWhitespaceTests.Known_schema_with_exterior_whitespace_is_Single(Object, Span`1)
   at System.Reflection.MethodBaseInvoker.InvokeWithFewArgs(Object obj, BindingFlags invokeAttr, Binder binder, Object[] parameters, CultureInfo culture)
  Con error RackCad.Tests.I58Conf58SchemaWhitespaceTests.Known_schema_with_exterior_whitespace_is_Single(boundary: dynamic/project/DynamicSystem.HeaderLineOverrides.0.Header.SchemaVersion/1.0/g5/calcTrue, padding: "tabs-newlines") [12 ms]
  Mensaje de error:
   Assert.Equal() Failure: Values differ
Expected: Single
Actual:   Unreadable
  Seguimiento de la pila:
     at RackCad.Tests.I58Conf58SchemaWhitespaceTests.Known_schema_with_exterior_whitespace_is_Single(I58SchemaBoundary boundary, String padding) in C:\Users\alejandra-mendoza\.codex\worktrees\architecture-shared-view-authored-comparators\tests\RackCad.Tests\I58Conf58SchemaWhitespaceTests.cs:line 62
   at InvokeStub_I58Conf58SchemaWhitespaceTests.Known_schema_with_exterior_whitespace_is_Single(Object, Span`1)
   at System.Reflection.MethodBaseInvoker.InvokeWithFewArgs(Object obj, BindingFlags invokeAttr, Binder binder, Object[] parameters, CultureInfo culture)
  Con error RackCad.Tests.I58Conf58SchemaWhitespaceTests.Known_schema_with_exterior_whitespace_is_Single(boundary: dynamic/project/DynamicSystem.HeaderLineOverrides.0.Header.SchemaVersion/1.0/g5/calcTrue, padding: "unicode-whitespace") [9 ms]
  Mensaje de error:
   Assert.Equal() Failure: Values differ
Expected: Single
Actual:   Unreadable
  Seguimiento de la pila:
     at RackCad.Tests.I58Conf58SchemaWhitespaceTests.Known_schema_with_exterior_whitespace_is_Single(I58SchemaBoundary boundary, String padding) in C:\Users\alejandra-mendoza\.codex\worktrees\architecture-shared-view-authored-comparators\tests\RackCad.Tests\I58Conf58SchemaWhitespaceTests.cs:line 62
   at InvokeStub_I58Conf58SchemaWhitespaceTests.Known_schema_with_exterior_whitespace_is_Single(Object, Span`1)
   at System.Reflection.MethodBaseInvoker.InvokeWithFewArgs(Object obj, BindingFlags invokeAttr, Binder binder, Object[] parameters, CultureInfo culture)
  Con error RackCad.Tests.I58Conf58SchemaWhitespaceTests.Known_schema_with_exterior_whitespace_is_Single(boundary: pushback/project/PushBack.Structure.Modules.0.Header.SchemaVersion/1.0/g0/calcTrue, padding: "spaces") [57 ms]
  Mensaje de error:
   Assert.Equal() Failure: Values differ
Expected: Single
Actual:   Unreadable
  Seguimiento de la pila:
     at RackCad.Tests.I58Conf58SchemaWhitespaceTests.Known_schema_with_exterior_whitespace_is_Single(I58SchemaBoundary boundary, String padding) in C:\Users\alejandra-mendoza\.codex\worktrees\architecture-shared-view-authored-comparators\tests\RackCad.Tests\I58Conf58SchemaWhitespaceTests.cs:line 62
   at InvokeStub_I58Conf58SchemaWhitespaceTests.Known_schema_with_exterior_whitespace_is_Single(Object, Span`1)
   at System.Reflection.MethodBaseInvoker.InvokeWithFewArgs(Object obj, BindingFlags invokeAttr, Binder binder, Object[] parameters, CultureInfo culture)
  Con error RackCad.Tests.I58Conf58SchemaWhitespaceTests.Known_schema_with_exterior_whitespace_is_Single(boundary: pushback/project/PushBack.Structure.Modules.0.Header.SchemaVersion/1.0/g0/calcTrue, padding: "tabs-newlines") [62 ms]
  Mensaje de error:
   Assert.Equal() Failure: Values differ
Expected: Single
Actual:   Unreadable
  Seguimiento de la pila:
     at RackCad.Tests.I58Conf58SchemaWhitespaceTests.Known_schema_with_exterior_whitespace_is_Single(I58SchemaBoundary boundary, String padding) in C:\Users\alejandra-mendoza\.codex\worktrees\architecture-shared-view-authored-comparators\tests\RackCad.Tests\I58Conf58SchemaWhitespaceTests.cs:line 62
   at InvokeStub_I58Conf58SchemaWhitespaceTests.Known_schema_with_exterior_whitespace_is_Single(Object, Span`1)
   at System.Reflection.MethodBaseInvoker.InvokeWithFewArgs(Object obj, BindingFlags invokeAttr, Binder binder, Object[] parameters, CultureInfo culture)
  Con error RackCad.Tests.I58Conf58SchemaWhitespaceTests.Known_schema_with_exterior_whitespace_is_Single(boundary: pushback/project/PushBack.Structure.Modules.0.Header.SchemaVersion/1.0/g0/calcTrue, padding: "unicode-whitespace") [53 ms]
  Mensaje de error:
   Assert.Equal() Failure: Values differ
Expected: Single
Actual:   Unreadable
  Seguimiento de la pila:
     at RackCad.Tests.I58Conf58SchemaWhitespaceTests.Known_schema_with_exterior_whitespace_is_Single(I58SchemaBoundary boundary, String padding) in C:\Users\alejandra-mendoza\.codex\worktrees\architecture-shared-view-authored-comparators\tests\RackCad.Tests\I58Conf58SchemaWhitespaceTests.cs:line 62
   at InvokeStub_I58Conf58SchemaWhitespaceTests.Known_schema_with_exterior_whitespace_is_Single(Object, Span`1)
   at System.Reflection.MethodBaseInvoker.InvokeWithFewArgs(Object obj, BindingFlags invokeAttr, Binder binder, Object[] parameters, CultureInfo culture)
  Con error RackCad.Tests.I58Conf58SchemaWhitespaceTests.Known_schema_with_exterior_whitespace_is_Single(boundary: pushback/project/PushBack.Structure.Modules.0.Header.SchemaVersion/1.0/g0/calcFalse, padding: "spaces") [56 ms]
  Mensaje de error:
   Assert.Equal() Failure: Values differ
Expected: Single
Actual:   Unreadable
  Seguimiento de la pila:
     at RackCad.Tests.I58Conf58SchemaWhitespaceTests.Known_schema_with_exterior_whitespace_is_Single(I58SchemaBoundary boundary, String padding) in C:\Users\alejandra-mendoza\.codex\worktrees\architecture-shared-view-authored-comparators\tests\RackCad.Tests\I58Conf58SchemaWhitespaceTests.cs:line 62
   at InvokeStub_I58Conf58SchemaWhitespaceTests.Known_schema_with_exterior_whitespace_is_Single(Object, Span`1)
   at System.Reflection.MethodBaseInvoker.InvokeWithFewArgs(Object obj, BindingFlags invokeAttr, Binder binder, Object[] parameters, CultureInfo culture)
[xUnit.net 00:00:17.93]     RackCad.Tests.I58Conf58SchemaWhitespaceTests.Known_schema_with_exterior_whitespace_is_Single(boundary: pushback/project/PushBack.Structure.Modules.0.Header.SchemaVersion/1.0/g0/calcFalse, padding: "tabs-newlines") [FAIL]
[xUnit.net 00:00:17.99]     RackCad.Tests.I58Conf58SchemaWhitespaceTests.Known_schema_with_exterior_whitespace_is_Single(boundary: pushback/project/PushBack.Structure.Modules.0.Header.SchemaVersion/1.0/g0/calcFalse, padding: "unicode-whitespace") [FAIL]
[xUnit.net 00:00:18.05]     RackCad.Tests.I58Conf58SchemaWhitespaceTests.Known_schema_with_exterior_whitespace_is_Single(boundary: pushback/project/PushBack.Structure.HeaderLineOverrides.0.Header.SchemaVersion/1.0/g0/calcTrue, padding: "spaces") [FAIL]
[xUnit.net 00:00:18.10]     RackCad.Tests.I58Conf58SchemaWhitespaceTests.Known_schema_with_exterior_whitespace_is_Single(boundary: pushback/project/PushBack.Structure.HeaderLineOverrides.0.Header.SchemaVersion/1.0/g0/calcTrue, padding: "tabs-newlines") [FAIL]
[xUnit.net 00:00:18.17]     RackCad.Tests.I58Conf58SchemaWhitespaceTests.Known_schema_with_exterior_whitespace_is_Single(boundary: pushback/project/PushBack.Structure.HeaderLineOverrides.0.Header.SchemaVersion/1.0/g0/calcTrue, padding: "unicode-whitespace") [FAIL]
[xUnit.net 00:00:18.22]     RackCad.Tests.I58Conf58SchemaWhitespaceTests.Known_schema_with_exterior_whitespace_is_Single(boundary: pushback/project/PushBack.Structure.Modules.0.Header.SchemaVersion/1.0/g5/calcTrue, padding: "spaces") [FAIL]
[xUnit.net 00:00:18.27]     RackCad.Tests.I58Conf58SchemaWhitespaceTests.Known_schema_with_exterior_whitespace_is_Single(boundary: pushback/project/PushBack.Structure.Modules.0.Header.SchemaVersion/1.0/g5/calcTrue, padding: "tabs-newlines") [FAIL]
[xUnit.net 00:00:18.33]     RackCad.Tests.I58Conf58SchemaWhitespaceTests.Known_schema_with_exterior_whitespace_is_Single(boundary: pushback/project/PushBack.Structure.Modules.0.Header.SchemaVersion/1.0/g5/calcTrue, padding: "unicode-whitespace") [FAIL]
[xUnit.net 00:00:18.40]     RackCad.Tests.I58Conf58SchemaWhitespaceTests.Known_schema_with_exterior_whitespace_is_Single(boundary: pushback/project/PushBack.Structure.Modules.0.Header.SchemaVersion/1.0/g5/calcFalse, padding: "spaces") [FAIL]
[xUnit.net 00:00:18.54]     RackCad.Tests.I58Conf58SchemaWhitespaceTests.Known_schema_with_exterior_whitespace_is_Single(boundary: pushback/project/PushBack.Structure.Modules.0.Header.SchemaVersion/1.0/g5/calcFalse, padding: "tabs-newlines") [FAIL]
  Con error RackCad.Tests.I58Conf58SchemaWhitespaceTests.Known_schema_with_exterior_whitespace_is_Single(boundary: pushback/project/PushBack.Structure.Modules.0.Header.SchemaVersion/1.0/g0/calcFalse, padding: "tabs-newlines") [54 ms]
  Mensaje de error:
   Assert.Equal() Failure: Values differ
Expected: Single
Actual:   Unreadable
  Seguimiento de la pila:
     at RackCad.Tests.I58Conf58SchemaWhitespaceTests.Known_schema_with_exterior_whitespace_is_Single(I58SchemaBoundary boundary, String padding) in C:\Users\alejandra-mendoza\.codex\worktrees\architecture-shared-view-authored-comparators\tests\RackCad.Tests\I58Conf58SchemaWhitespaceTests.cs:line 62
   at InvokeStub_I58Conf58SchemaWhitespaceTests.Known_schema_with_exterior_whitespace_is_Single(Object, Span`1)
   at System.Reflection.MethodBaseInvoker.InvokeWithFewArgs(Object obj, BindingFlags invokeAttr, Binder binder, Object[] parameters, CultureInfo culture)
  Con error RackCad.Tests.I58Conf58SchemaWhitespaceTests.Known_schema_with_exterior_whitespace_is_Single(boundary: pushback/project/PushBack.Structure.Modules.0.Header.SchemaVersion/1.0/g0/calcFalse, padding: "unicode-whitespace") [62 ms]
  Mensaje de error:
   Assert.Equal() Failure: Values differ
Expected: Single
Actual:   Unreadable
  Seguimiento de la pila:
     at RackCad.Tests.I58Conf58SchemaWhitespaceTests.Known_schema_with_exterior_whitespace_is_Single(I58SchemaBoundary boundary, String padding) in C:\Users\alejandra-mendoza\.codex\worktrees\architecture-shared-view-authored-comparators\tests\RackCad.Tests\I58Conf58SchemaWhitespaceTests.cs:line 62
   at InvokeStub_I58Conf58SchemaWhitespaceTests.Known_schema_with_exterior_whitespace_is_Single(Object, Span`1)
   at System.Reflection.MethodBaseInvoker.InvokeWithFewArgs(Object obj, BindingFlags invokeAttr, Binder binder, Object[] parameters, CultureInfo culture)
  Con error RackCad.Tests.I58Conf58SchemaWhitespaceTests.Known_schema_with_exterior_whitespace_is_Single(boundary: pushback/project/PushBack.Structure.HeaderLineOverrides.0.Header.SchemaVersion/1.0/g0/calcTrue, padding: "spaces") [57 ms]
  Mensaje de error:
   Assert.Equal() Failure: Values differ
Expected: Single
Actual:   Unreadable
  Seguimiento de la pila:
     at RackCad.Tests.I58Conf58SchemaWhitespaceTests.Known_schema_with_exterior_whitespace_is_Single(I58SchemaBoundary boundary, String padding) in C:\Users\alejandra-mendoza\.codex\worktrees\architecture-shared-view-authored-comparators\tests\RackCad.Tests\I58Conf58SchemaWhitespaceTests.cs:line 62
   at InvokeStub_I58Conf58SchemaWhitespaceTests.Known_schema_with_exterior_whitespace_is_Single(Object, Span`1)
   at System.Reflection.MethodBaseInvoker.InvokeWithFewArgs(Object obj, BindingFlags invokeAttr, Binder binder, Object[] parameters, CultureInfo culture)
  Con error RackCad.Tests.I58Conf58SchemaWhitespaceTests.Known_schema_with_exterior_whitespace_is_Single(boundary: pushback/project/PushBack.Structure.HeaderLineOverrides.0.Header.SchemaVersion/1.0/g0/calcTrue, padding: "tabs-newlines") [58 ms]
  Mensaje de error:
   Assert.Equal() Failure: Values differ
Expected: Single
Actual:   Unreadable
  Seguimiento de la pila:
     at RackCad.Tests.I58Conf58SchemaWhitespaceTests.Known_schema_with_exterior_whitespace_is_Single(I58SchemaBoundary boundary, String padding) in C:\Users\alejandra-mendoza\.codex\worktrees\architecture-shared-view-authored-comparators\tests\RackCad.Tests\I58Conf58SchemaWhitespaceTests.cs:line 62
   at InvokeStub_I58Conf58SchemaWhitespaceTests.Known_schema_with_exterior_whitespace_is_Single(Object, Span`1)
   at System.Reflection.MethodBaseInvoker.InvokeWithFewArgs(Object obj, BindingFlags invokeAttr, Binder binder, Object[] parameters, CultureInfo culture)
  Con error RackCad.Tests.I58Conf58SchemaWhitespaceTests.Known_schema_with_exterior_whitespace_is_Single(boundary: pushback/project/PushBack.Structure.HeaderLineOverrides.0.Header.SchemaVersion/1.0/g0/calcTrue, padding: "unicode-whitespace") [60 ms]
  Mensaje de error:
   Assert.Equal() Failure: Values differ
Expected: Single
Actual:   Unreadable
  Seguimiento de la pila:
     at RackCad.Tests.I58Conf58SchemaWhitespaceTests.Known_schema_with_exterior_whitespace_is_Single(I58SchemaBoundary boundary, String padding) in C:\Users\alejandra-mendoza\.codex\worktrees\architecture-shared-view-authored-comparators\tests\RackCad.Tests\I58Conf58SchemaWhitespaceTests.cs:line 62
   at InvokeStub_I58Conf58SchemaWhitespaceTests.Known_schema_with_exterior_whitespace_is_Single(Object, Span`1)
   at System.Reflection.MethodBaseInvoker.InvokeWithFewArgs(Object obj, BindingFlags invokeAttr, Binder binder, Object[] parameters, CultureInfo culture)
  Con error RackCad.Tests.I58Conf58SchemaWhitespaceTests.Known_schema_with_exterior_whitespace_is_Single(boundary: pushback/project/PushBack.Structure.Modules.0.Header.SchemaVersion/1.0/g5/calcTrue, padding: "spaces") [52 ms]
  Mensaje de error:
   Assert.Equal() Failure: Values differ
Expected: Single
Actual:   Unreadable
  Seguimiento de la pila:
     at RackCad.Tests.I58Conf58SchemaWhitespaceTests.Known_schema_with_exterior_whitespace_is_Single(I58SchemaBoundary boundary, String padding) in C:\Users\alejandra-mendoza\.codex\worktrees\architecture-shared-view-authored-comparators\tests\RackCad.Tests\I58Conf58SchemaWhitespaceTests.cs:line 62
   at InvokeStub_I58Conf58SchemaWhitespaceTests.Known_schema_with_exterior_whitespace_is_Single(Object, Span`1)
   at System.Reflection.MethodBaseInvoker.InvokeWithFewArgs(Object obj, BindingFlags invokeAttr, Binder binder, Object[] parameters, CultureInfo culture)
  Con error RackCad.Tests.I58Conf58SchemaWhitespaceTests.Known_schema_with_exterior_whitespace_is_Single(boundary: pushback/project/PushBack.Structure.Modules.0.Header.SchemaVersion/1.0/g5/calcTrue, padding: "tabs-newlines") [54 ms]
  Mensaje de error:
   Assert.Equal() Failure: Values differ
Expected: Single
Actual:   Unreadable
  Seguimiento de la pila:
     at RackCad.Tests.I58Conf58SchemaWhitespaceTests.Known_schema_with_exterior_whitespace_is_Single(I58SchemaBoundary boundary, String padding) in C:\Users\alejandra-mendoza\.codex\worktrees\architecture-shared-view-authored-comparators\tests\RackCad.Tests\I58Conf58SchemaWhitespaceTests.cs:line 62
   at InvokeStub_I58Conf58SchemaWhitespaceTests.Known_schema_with_exterior_whitespace_is_Single(Object, Span`1)
   at System.Reflection.MethodBaseInvoker.InvokeWithFewArgs(Object obj, BindingFlags invokeAttr, Binder binder, Object[] parameters, CultureInfo culture)
  Con error RackCad.Tests.I58Conf58SchemaWhitespaceTests.Known_schema_with_exterior_whitespace_is_Single(boundary: pushback/project/PushBack.Structure.Modules.0.Header.SchemaVersion/1.0/g5/calcTrue, padding: "unicode-whitespace") [55 ms]
  Mensaje de error:
   Assert.Equal() Failure: Values differ
Expected: Single
Actual:   Unreadable
  Seguimiento de la pila:
     at RackCad.Tests.I58Conf58SchemaWhitespaceTests.Known_schema_with_exterior_whitespace_is_Single(I58SchemaBoundary boundary, String padding) in C:\Users\alejandra-mendoza\.codex\worktrees\architecture-shared-view-authored-comparators\tests\RackCad.Tests\I58Conf58SchemaWhitespaceTests.cs:line 62
   at InvokeStub_I58Conf58SchemaWhitespaceTests.Known_schema_with_exterior_whitespace_is_Single(Object, Span`1)
   at System.Reflection.MethodBaseInvoker.InvokeWithFewArgs(Object obj, BindingFlags invokeAttr, Binder binder, Object[] parameters, CultureInfo culture)
  Con error RackCad.Tests.I58Conf58SchemaWhitespaceTests.Known_schema_with_exterior_whitespace_is_Single(boundary: pushback/project/PushBack.Structure.Modules.0.Header.SchemaVersion/1.0/g5/calcFalse, padding: "spaces") [70 ms]
  Mensaje de error:
   Assert.Equal() Failure: Values differ
Expected: Single
Actual:   Unreadable
  Seguimiento de la pila:
     at RackCad.Tests.I58Conf58SchemaWhitespaceTests.Known_schema_with_exterior_whitespace_is_Single(I58SchemaBoundary boundary, String padding) in C:\Users\alejandra-mendoza\.codex\worktrees\architecture-shared-view-authored-comparators\tests\RackCad.Tests\I58Conf58SchemaWhitespaceTests.cs:line 62
   at InvokeStub_I58Conf58SchemaWhitespaceTests.Known_schema_with_exterior_whitespace_is_Single(Object, Span`1)
   at System.Reflection.MethodBaseInvoker.InvokeWithFewArgs(Object obj, BindingFlags invokeAttr, Binder binder, Object[] parameters, CultureInfo culture)
  Con error RackCad.Tests.I58Conf58SchemaWhitespaceTests.Known_schema_with_exterior_whitespace_is_Single(boundary: pushback/project/PushBack.Structure.Modules.0.Header.SchemaVersion/1.0/g5/calcFalse, padding: "tabs-newlines") [140 ms]
  Mensaje de error:
   Assert.Equal() Failure: Values differ
Expected: Single
Actual:   Unreadable
  Seguimiento de la pila:
     at RackCad.Tests.I58Conf58SchemaWhitespaceTests.Known_schema_with_exterior_whitespace_is_Single(I58SchemaBoundary boundary, String padding) in C:\Users\alejandra-mendoza\.codex\worktrees\architecture-shared-view-authored-comparators\tests\RackCad.Tests\I58Conf58SchemaWhitespaceTests.cs:line 62
   at InvokeStub_I58Conf58SchemaWhitespaceTests.Known_schema_with_exterior_whitespace_is_Single(Object, Span`1)
   at System.Reflection.MethodBaseInvoker.InvokeWithFewArgs(Object obj, BindingFlags invokeAttr, Binder binder, Object[] parameters, CultureInfo culture)
[xUnit.net 00:00:18.61]     RackCad.Tests.I58Conf58SchemaWhitespaceTests.Known_schema_with_exterior_whitespace_is_Single(boundary: pushback/project/PushBack.Structure.Modules.0.Header.SchemaVersion/1.0/g5/calcFalse, padding: "unicode-whitespace") [FAIL]
[xUnit.net 00:00:18.68]     RackCad.Tests.I58Conf58SchemaWhitespaceTests.Known_schema_with_exterior_whitespace_is_Single(boundary: pushback/project/PushBack.Structure.HeaderLineOverrides.0.Header.SchemaVersion/1.0/g5/calcTrue, padding: "spaces") [FAIL]
[xUnit.net 00:00:18.74]     RackCad.Tests.I58Conf58SchemaWhitespaceTests.Known_schema_with_exterior_whitespace_is_Single(boundary: pushback/project/PushBack.Structure.HeaderLineOverrides.0.Header.SchemaVersion/1.0/g5/calcTrue, padding: "tabs-newlines") [FAIL]
[xUnit.net 00:00:18.81]     RackCad.Tests.I58Conf58SchemaWhitespaceTests.Known_schema_with_exterior_whitespace_is_Single(boundary: pushback/project/PushBack.Structure.HeaderLineOverrides.0.Header.SchemaVersion/1.0/g5/calcTrue, padding: "unicode-whitespace") [FAIL]
  Con error RackCad.Tests.I58Conf58SchemaWhitespaceTests.Known_schema_with_exterior_whitespace_is_Single(boundary: pushback/project/PushBack.Structure.Modules.0.Header.SchemaVersion/1.0/g5/calcFalse, padding: "unicode-whitespace") [66 ms]
  Mensaje de error:
   Assert.Equal() Failure: Values differ
Expected: Single
Actual:   Unreadable
  Seguimiento de la pila:
     at RackCad.Tests.I58Conf58SchemaWhitespaceTests.Known_schema_with_exterior_whitespace_is_Single(I58SchemaBoundary boundary, String padding) in C:\Users\alejandra-mendoza\.codex\worktrees\architecture-shared-view-authored-comparators\tests\RackCad.Tests\I58Conf58SchemaWhitespaceTests.cs:line 62
   at InvokeStub_I58Conf58SchemaWhitespaceTests.Known_schema_with_exterior_whitespace_is_Single(Object, Span`1)
   at System.Reflection.MethodBaseInvoker.InvokeWithFewArgs(Object obj, BindingFlags invokeAttr, Binder binder, Object[] parameters, CultureInfo culture)
  Con error RackCad.Tests.I58Conf58SchemaWhitespaceTests.Known_schema_with_exterior_whitespace_is_Single(boundary: pushback/project/PushBack.Structure.HeaderLineOverrides.0.Header.SchemaVersion/1.0/g5/calcTrue, padding: "spaces") [68 ms]
  Mensaje de error:
   Assert.Equal() Failure: Values differ
Expected: Single
Actual:   Unreadable
  Seguimiento de la pila:
     at RackCad.Tests.I58Conf58SchemaWhitespaceTests.Known_schema_with_exterior_whitespace_is_Single(I58SchemaBoundary boundary, String padding) in C:\Users\alejandra-mendoza\.codex\worktrees\architecture-shared-view-authored-comparators\tests\RackCad.Tests\I58Conf58SchemaWhitespaceTests.cs:line 62
   at InvokeStub_I58Conf58SchemaWhitespaceTests.Known_schema_with_exterior_whitespace_is_Single(Object, Span`1)
   at System.Reflection.MethodBaseInvoker.InvokeWithFewArgs(Object obj, BindingFlags invokeAttr, Binder binder, Object[] parameters, CultureInfo culture)
  Con error RackCad.Tests.I58Conf58SchemaWhitespaceTests.Known_schema_with_exterior_whitespace_is_Single(boundary: pushback/project/PushBack.Structure.HeaderLineOverrides.0.Header.SchemaVersion/1.0/g5/calcTrue, padding: "tabs-newlines") [62 ms]
  Mensaje de error:
   Assert.Equal() Failure: Values differ
Expected: Single
Actual:   Unreadable
  Seguimiento de la pila:
     at RackCad.Tests.I58Conf58SchemaWhitespaceTests.Known_schema_with_exterior_whitespace_is_Single(I58SchemaBoundary boundary, String padding) in C:\Users\alejandra-mendoza\.codex\worktrees\architecture-shared-view-authored-comparators\tests\RackCad.Tests\I58Conf58SchemaWhitespaceTests.cs:line 62
   at InvokeStub_I58Conf58SchemaWhitespaceTests.Known_schema_with_exterior_whitespace_is_Single(Object, Span`1)
   at System.Reflection.MethodBaseInvoker.InvokeWithFewArgs(Object obj, BindingFlags invokeAttr, Binder binder, Object[] parameters, CultureInfo culture)
  Con error RackCad.Tests.I58Conf58SchemaWhitespaceTests.Known_schema_with_exterior_whitespace_is_Single(boundary: pushback/project/PushBack.Structure.HeaderLineOverrides.0.Header.SchemaVersion/1.0/g5/calcTrue, padding: "unicode-whitespace") [65 ms]
  Mensaje de error:
   Assert.Equal() Failure: Values differ
Expected: Single
Actual:   Unreadable
  Seguimiento de la pila:
     at RackCad.Tests.I58Conf58SchemaWhitespaceTests.Known_schema_with_exterior_whitespace_is_Single(I58SchemaBoundary boundary, String padding) in C:\Users\alejandra-mendoza\.codex\worktrees\architecture-shared-view-authored-comparators\tests\RackCad.Tests\I58Conf58SchemaWhitespaceTests.cs:line 62
   at InvokeStub_I58Conf58SchemaWhitespaceTests.Known_schema_with_exterior_whitespace_is_Single(Object, Span`1)
   at System.Reflection.MethodBaseInvoker.InvokeWithFewArgs(Object obj, BindingFlags invokeAttr, Binder binder, Object[] parameters, CultureInfo culture)
Archivo de resultados: C:\Users\alejandra-mendoza\.codex\worktrees\architecture-shared-view-authored-comparators\docs\automation\evidence\I-58-conf58-01\red\whitespace-red.trx

Con error! - Con error:    84, Superado:     0, Omitido:     0, Total:    84, Duración: 2 s - RackCad.Tests.dll (net8.0)
